"Id","Promotor","Cliente","Fecha","Descripcion","Moneda","TC","Cotizado cliente","Indirecto presupuestado","Indirecto Real","Mano obra real","Material real","Material utilidad","Mano obra utilidad","Utilidad bruta","Utilidad","Utilidad después de indirectos","% Utilidad antes de indirectos","$ Utilidad a comision","% Utilidad a comision","% Utilidad promedio"
"13847","ALFREDO PALOMINO","AMETEK LAMB MOTORES DE MEXICO","31/07/26","COTIZACION BOBINAS CABLE  CAT 6","MXN","$ 17.5133","$ 8,518.74","$ 1,223.56","$ 1,223.56","$ 0.00","$ 6,084.82","$ 2,433.92","$ 0.00","$ 2,433.92","$ 2,433.92","$ 1,210.36","28.57 %","$ 1,210.36","14.21 %","40 %"
"13815","RAMIRO LEE","CORNING OPTICAL COMMUNICATIONS","05/08/26","P#13815 - #RFQReq:229061 - PO 4502053101 - Cámara Vivotek - Pin 9419.","MXN","$ 17.4635","$ 10,263.13","$ 1,484.18","$ 1,471.11","$ 0.00","$ 6,426.85","$ 3,836.28","$ 0.00","$ 3,836.28","$ 3,836.28","$ 2,365.17","37.51 %","$ 2,352.10","22.92 %","58 %"
"13811","RAMIRO LEE","AUTOMOTIVE MAQUILADORA","29/07/26","PV#13811 - OC#69750 - PIN 5623 -ALEXANDRA BRINGAS","MXN","$ 17.3973","$ 3,788.24","$ 732.29","$ 740.30","$ 0.00","$ 1,602.00","$ 2,186.24","$ 0.00","$ 2,186.24","$ 2,186.24","$ 1,445.94","38.17 %","$ 1,445.94","38.17 %","0 %"
"13803","ALFREDO PALOMINO","ALCOM ELECTRONICOS DE MEXICO","29/07/26","INSTALACION DE 2 SERVICIOS DE RED AREA DE SUBESTACION","MXN","$ 17.3973","$ 11,613.77","$ 1,203.93","$ 1,116.01","$ 2,287.89","$ 3,882.28","$ 2,645.69","$ 2,797.91","$ 7,731.49","$ 5,441.84","$ 4,325.83","47.61 %","$ 4,237.91","36.49 %","40 %"
"13798","ALFREDO PALOMINO","ALCOM ELECTRONICOS DE MEXICO","27/07/26","Renta de Escalera Eléctrica Por Mes JULIO 2026","MXN","$ 17.3975","$ 10,939.50","$ 0.00","$ 0.00","$ 0.00","$ 10,939.50","$ 0.00","$ 0.00","$ 0.00","$ 0.00","$ 0.00","0.00 %","$ 0.00","0.00 %","10 %"
"13796","CELESTE LANDA","IPSE SERVICIOS","10/08/26","PISTONES","MXN","$ 17.3975","$ 18,037.90","$ 2,053.79","$ 990.74","$ 0.00","$ 5,698.04","$ 12,339.86","$ 0.00","$ 12,339.86","$ 12,339.86","$ 11,349.12","74.30 %","$ 10,286.07","57.02 %","30 %"
"13789","ORLANDO MARTINEZ","ALCOM ELECTRONICOS DE MEXICO","29/07/26","RENTA DE 2 PLATAFORMAS X 1 MES 23 JULIO AL 23 AGOSTO","MXN","$ 17.4315","$ 32,947.20","$ 5,042.32","$ 5,521.56","$ 0.00","$ 32,947.20","$ 0.00","$ 0.00","$ 0.00","$ 0.00","($ -5,521.56)","(-16.76 %)","($ -5,521.56)","(-16.76 %)","10 %"
"13785","HECTOR VELA","SMP ENGINE MANAGEMENT","27/07/26","MANTENIMIENTO PREVENTIVO DECCTV PLANTA 10 (PRIMERA VISITA JULIO)","MXN","$ 17.4315","$ 55,220.92","$ 8,091.52","$ 4,130.60","$ 4,202.28","$ 7,800.75","$ 7,885.42","$ 35,332.47","$ 47,420.17","$ 43,217.01","$ 39,086.41","85.43 %","$ 35,125.49","63.61 %","31 %"
"13782","ALFREDO PALOMINO","AMETEK LAMB MOTORES DE MEXICO","30/07/26","RENTA DE PLATAFORMA","MXN","$ 17.4315","$ 19,942.00","$ 2,704.40","$ 2,688.40","$ 0.00","$ 15,240.00","$ 4,702.00","$ 0.00","$ 4,702.00","$ 4,702.00","$ 2,013.60","23.66 %","$ 1,997.60","10.02 %","30 %"
"13769","ALFREDO PALOMINO","ALCOM ELECTRONICOS DE MEXICO","24/07/26","REPARACION DE CONTROL DE ACCESO","MXN","$ 17.4418","$ 1,733.64","$ 492.71","$ 371.96","$ 580.79","$ 0.00","$ 0.00","$ 1,152.85","$ 1,733.64","$ 1,152.85","$ 780.89","73.46 %","$ 660.14","38.08 %","0 %"
"13767","ALFREDO PALOMINO","ALCOM ELECTRONICOS DE MEXICO","29/07/26","REUBICACION DE MOTORES","MXN","$ 17.4418","$ 34,981.82","$ 3,943.95","$ 2,279.32","$ 8,983.69","$ 892.15","$ 1,207.43","$ 23,898.55","$ 34,089.67","$ 25,105.98","$ 22,826.66","76.53 %","$ 21,162.03","60.49 %","40 %"
"13762","CELESTE LANDA","E&M INDUSTRIAL SUPPLIES","30/07/26","REUBICACION DE CAMARA","MXN","$ 17.4418","$ 4,837.50","$ 766.49","$ 544.25","$ 1,048.85","$ 462.33","$ 170.01","$ 3,156.31","$ 4,375.17","$ 3,326.32","$ 2,782.07","73.36 %","$ 2,559.83","52.92 %","35 %"
"13758","ALFREDO PALOMINO","ALPS ALPINE NORTH AMERICA","05/08/26","Cotizacion relais/ FINDER","USD","$ 17.3910","$ 191.10","$ 31.67","$ 31.19","$ 0.00","$ 109.90","$ 81.20","$ 0.00","$ 81.20","$ 81.20","$ 50.01","42.74 %","$ 49.53","25.92 %","70 %"
"13757","ALFREDO PALOMINO","ALCOM ELECTRONICOS DE MEXICO","22/07/26","cotización  cable HDMI","MXN","$ 17.3910","$ 662.68","$ 303.01","$ 303.01","$ 0.00","$ 331.34","$ 331.34","$ 0.00","$ 331.34","$ 331.34","$ 28.33","50.00 %","$ 28.33","4.28 %","0 %"
"13753","RAMIRO LEE","KOHLER REYNOSA","31/07/26","P#13753 - OC #4201217704 - RFQ 1071 Cargador - Cable iPhone 15 - Lizbeth Gpe. Trejo  - Pin 6207","USD","$ 17.4278","$ 48.44","$ 16.42","$ 16.13","$ 0.00","$ 12.81","$ 35.63","$ 0.00","$ 35.63","$ 35.63","$ 19.50","74.15 %","$ 19.21","39.66 %","0 %"
"13741","CELESTE LANDA","JOSE LEOPOLDO GARCIA GRACIA","16/07/26","OXXO Paseo Reynosa","MXN","$ 17.5023","$ 2,802.60","$ 509.20","$ 342.92","$ 580.79","$ 0.00","$ 2,802.60","($ -580.79)","$ 2,802.60","$ 2,221.81","$ 1,878.89","85.21 %","$ 1,712.61","61.11 %","73 %"
"13732","RAMIRO LEE","CORNING OPTICAL COMMUNICATIONS","14/07/26","P#13732 - PO Pendiente - #RFQReq:227675 - Reubicación de IDF TE05 - Reubicar el gabinete en la misma columna, sobre el lado contrario de donde se encontrará instalada la maquina nueva en el area - Pin 3393","MXN","$ 17.5350","$ 49,947.42","$ 5,615.67","$ 2,844.41","$ 4,811.63","$ 6,261.18","($ -2,447.09)","$ 41,321.70","$ 43,686.24","$ 38,874.61","$ 36,030.20","83.38 %","$ 33,258.94","66.59 %","45 %"
"13727","CELESTE LANDA","E&M INDUSTRIAL SUPPLIES","30/07/26","CONTROL DE ACCESO","MXN","$ 17.5350","$ 2,275.35","$ 491.80","$ 371.96","$ 580.79","$ 0.00","$ 213.65","$ 1,480.91","$ 2,275.35","$ 1,694.56","$ 1,322.60","79.74 %","$ 1,202.76","52.86 %","35 %"
"13720","HECTOR VELA","SANMINA-SCI DE MEXICO","05/08/26","RENTA DE EQUIPO DE ELEVACION /PLATAFORMA DE 12M / RENTA POR 1 MES","MXN","$ 17.5993","$ 24,466.40","$ 2,671.88","$ 2,989.60","$ 0.00","$ 19,920.00","$ 4,546.40","$ 0.00","$ 4,546.40","$ 4,546.40","$ 1,556.80","6.36 %","$ 1,556.80","6.36 %","40 %"
"13715","ALFREDO PALOMINO","WOODCRAFTERS HOME PRODUCTS","14/07/26","Cotización ATR-11","MXN","$ 17.4958","$ 2,450.73","$ 484.80","$ 478.61","$ 0.00","$ 1,428.75","$ 1,021.98","$ 0.00","$ 1,021.98","$ 1,020.22","$ 541.61","41.88 %","$ 535.42","21.85 %","67 %"
"13694","HECTOR VELA","CARPLASTIC","09/07/26","VENTA DE MATERIAL DE COMPUTO (HONEYWELL PM45A IMPRESORA DE ETIQUETAS)","MXN","$ 17.5368","$ 45,630.00","$ 2,930.00","$ 2,733.71","$ 0.00","$ 24,819.02","$ 20,810.98","$ 0.00","$ 20,810.98","$ 20,424.19","$ 17,690.48","45.19 %","$ 17,494.19","38.34 %","69 %"
"13686","ORLANDO MARTINEZ","AMETEK LAMB MOTORES DE MEXICO","31/07/26","instalacionde 4 nodos nuevos Area import export","MXN","$ 17.4693","$ 32,511.99","$ 3,935.83","$ 3,255.61","$ 4,281.16","$ 13,166.06","$ 10,935.61","$ 4,129.16","$ 19,345.93","$ 15,064.77","$ 11,809.16","48.43 %","$ 11,128.94","34.23 %","34 %"
"13684","ALFREDO PALOMINO","AMETEK LAMB MOTORES DE MEXICO","20/07/26","INSTALACION DE 2 NODOS DE RED AREA ABACO","MXN","$ 17.4693","$ 9,483.65","$ 1,246.80","$ 1,176.53","$ 2,030.32","$ 3,125.96","$ 1,715.05","$ 2,612.32","$ 6,357.69","$ 4,325.62","$ 3,149.09","46.35 %","$ 3,078.82","32.46 %","40 %"
"13678","CELESTE LANDA","IMPRESOS MAGICOS AT","31/07/26","AUTOMATIZACION DE PORTON EN OFICINAS","MXN","$ 17.5053","$ 23,951.35","$ 3,094.06","$ 3,963.59","$ 9,375.51","$ 10,904.57","$ 6,585.56","($ -2,914.29)","$ 13,046.78","$ 3,669.52","($ -294.07)","(-1.23 %)","($ -294.07)","(-1.23 %)","29 %"
"13677","ALFREDO PALOMINO","AMETEK LAMB MOTORES DE MEXICO","06/07/26","COTIZACION DE 5 BASES PARA TV DE 85""","MXN","$ 17.5053","$ 6,000.00","$ 890.00","$ 652.08","$ 0.00","$ 2,512.95","$ 3,487.05","$ 0.00","$ 3,487.05","$ 3,487.05","$ 2,834.97","62.08 %","$ 2,597.05","43.28 %","50 %"
"13674","RAMIRO LEE","BLACK & DECKER DE REYNOSA","10/07/26","P#13674 - PO #623378 - Reemplazo de cámara bala IP desde su ubicación original en área de Aislados hacia nueva posición en Enfermería, con tendido de cableado estructurado nuevo para garantizar operatividad y continuidad del sistema de videovigilancia - Pin 5767.","MXN","$ 17.5053","$ 23,968.00","$ 3,081.70","$ 2,248.79","$ 2,499.39","$ 4,524.48","$ 4,432.94","$ 12,511.19","$ 19,443.52","$ 16,943.91","$ 14,695.12","74.17 %","$ 13,862.21","57.84 %","49 %"
"13661","RAMIRO LEE","CORNING MONTERREY","21/07/26","P#13661 -PO 4502043442 - #RFQReq:226818 - Instalación de 22 nodos de red para el área de Calibración y el Castillo - Corning Monterrey - Pin 6224.","MXN","$ 17.4700","$ 86,567.97","$ 9,617.31","$ 10,388.59","$ 13,995.27","$ 35,682.77","$ 6,041.54","$ 30,848.39","$ 50,885.20","$ 36,888.89","$ 26,500.30","30.61 %","$ 26,500.30","30.61 %","40 %"
"13659","CELESTE LANDA","E&M INDUSTRIAL SUPPLIES","29/06/26","INSTALACION ELECTRICA NUEVA BODEGA","MXN","$ 17.5260","$ 74,958.27","$ 8,735.81","$ 10,243.37","$ 21,704.88","$ 33,970.89","$ 11,551.26","$ 7,731.24","$ 40,987.38","$ 19,282.50","$ 9,039.13","12.06 %","$ 9,039.13","12.06 %","35 %"
"13658","HECTOR VELA","CARPLASTIC","07/07/26","VENTA DE CAMARA LOGITECH C920s HD PRO","MXN","$ 17.5260","$ 15,157.17","$ 1,353.95","$ 1,406.82","$ 0.00","$ 11,186.88","$ 3,970.29","$ 0.00","$ 3,970.29","$ 3,786.67","$ 2,379.85","15.70 %","$ 2,379.85","15.70 %","43 %"
"13656","ALFREDO PALOMINO","AMETEK LAMB MOTORES DE MEXICO","14/07/26","INSTALACION DE 3 NODOS DE RED AREA RAECHTER PLANTA 1","MXN","$ 17.6213","$ 15,042.54","$ 1,746.71","$ 1,358.13","$ 2,212.54","$ 4,021.87","$ 1,313.34","$ 7,494.79","$ 11,020.67","$ 8,807.57","$ 7,449.44","61.13 %","$ 7,060.86","46.94 %","40 %"
"13652","HECTOR VELA","CORGON DISEÑO Y FABRICACION INDUSTRIAL","26/06/26","instalacion de 2 nodos de red tornos Jackeline","MXN","$ 17.5505","$ 10,462.59","$ 1,784.51","$ 1,461.37","$ 2,994.51","$ 121.86","$ 73.89","$ 7,272.33","$ 10,340.73","$ 7,346.22","$ 5,884.85","73.30 %","$ 5,561.71","53.16 %","35 %"
"13650","RAMIRO LEE","AUTOMOTIVE MAQUILADORA","20/07/26","P#13650 - OC Pendiente - HDD PARA NVR Y SW EXTENDER - Pin 1201.","MXN","$ 17.5505","$ 56,646.50","$ 6,075.35","$ 6,616.73","$ 0.00","$ 43,908.47","$ 12,738.03","$ 0.00","$ 12,738.03","$ 12,736.93","$ 6,120.20","10.80 %","$ 6,120.20","10.80 %","41 %"
"13643","ALFREDO PALOMINO","AMETEK LAMB MOTORES DE MEXICO","06/08/26","INSTALACION DE CHECADORES Y CAMARAS (2) (2)","MXN","$ 17.3480","$ 27,978.74","$ 3,330.38","$ 3,636.06","$ 10,156.20","$ 7,832.86","$ 7,530.40","$ 2,459.28","$ 20,145.88","$ 9,988.59","$ 6,352.53","22.70 %","$ 6,352.53","22.70 %","40 %"
"13642","ALFREDO PALOMINO","AMETEK LAMB MOTORES DE MEXICO","29/07/26","INSTALACION DE CHAROLA","MXN","$ 17.3480","$ 123,703.47","$ 13,862.56","$ 10,346.88","$ 14,628.97","$ 43,904.95","$ 48,038.65","$ 17,130.90","$ 79,798.52","$ 65,169.55","$ 54,822.67","55.52 %","$ 51,306.99","41.48 %","40 %"
"13641","ALFREDO PALOMINO","AMETEK LAMB MOTORES DE MEXICO","29/07/26","INSTALACION DE CHAROLA CHAROFIL DEL SITE A IDF","MXN","$ 17.3480","$ 40,135.21","$ 4,518.06","$ 3,251.46","$ 4,042.00","$ 13,454.04","$ 16,129.72","$ 6,509.45","$ 26,681.17","$ 22,639.17","$ 19,387.71","59.56 %","$ 18,121.11","45.15 %","40 %"
"13640","ORLANDO MARTINEZ","PUBLICO EN GENERAL","25/06/26","VENTA UPS","MXN","$ 17.3480","$ 4,503.70","$ 746.96","$ 747.03","$ 0.00","$ 3,106.46","$ 1,397.24","$ 0.00","$ 1,397.24","$ 1,396.88","$ 649.85","14.43 %","$ 649.85","14.43 %","45 %"
"13634","CELESTE LANDA","E&M INDUSTRIAL SUPPLIES","29/06/26","SERVICO DE  SHEETROCK","MXN","$ 17.3480","$ 92,847.80","$ 10,685.67","$ 12,594.92","$ 30,117.42","$ 37,626.64","$ 13,169.56","$ 11,934.18","$ 55,221.16","$ 25,103.74","$ 12,508.82","13.47 %","$ 12,508.82","13.47 %","35 %"
"13629","ALFREDO PALOMINO","AMETEK LAMB MOTORES DE MEXICO","07/08/26","INSTALACION DE FIBRA OPTICA Y GABINETE","MXN","$ 17.3247","$ 56,527.23","$ 6,415.49","$ 6,905.61","$ 7,675.19","$ 31,523.95","$ 14,662.85","$ 2,665.24","$ 25,003.28","$ 17,328.09","$ 10,422.48","18.44 %","$ 10,422.48","18.44 %","40 %"
"13626","ALFREDO PALOMINO","AMETEK LAMB MOTORES DE MEXICO","09/07/26","Cotizacion Discos duros externos 1TB","MXN","$ 17.3247","$ 3,862.40","$ 636.24","$ 250.00","$ 0.00","$ 0.00","$ 3,862.40","$ 0.00","$ 3,862.40","$ 3,762.62","$ 3,512.62","107.42 %","$ 3,126.38","80.94 %","60 %"
"13619","ALFREDO PALOMINO","ALCOM ELECTRONICOS DE MEXICO","06/07/26","Cotización Diademas Plantronics C3225","MXN","$ 17.3247","$ 2,371.20","$ 487.12","$ 437.46","$ 0.00","$ 1,171.55","$ 1,199.65","$ 0.00","$ 1,199.65","$ 1,087.15","$ 649.69","47.94 %","$ 600.03","25.30 %","60 %"
"13617","HECTOR VELA","ALPS LOGISTICS MEXICO","24/06/26","VENTA DE PTZ HIKVISION (MODELO DS2A4225TID (E))","MXN","$ 17.3688","$ 5,374.22","$ 519.43","$ 512.96","$ 0.00","$ 3,765.46","$ 1,608.76","$ 0.00","$ 1,608.76","$ 1,607.02","$ 1,094.06","30.02 %","$ 1,087.59","20.24 %","35 %"
"13614","HECTOR VELA","INTERMEX MANUFACTURA","26/06/26","VENTA DE MATERIAL DE RED (FACEPLATE, BOBINA NETKEY CAT6, PATCHCORD 7FT, JACK CAT6)","MXN","$ 17.1892","$ 8,365.04","$ 667.30","$ 692.88","$ 0.00","$ 6,429.32","$ 1,935.72","$ 0.00","$ 1,935.72","$ 1,935.72","$ 1,242.84","14.86 %","$ 1,242.84","14.86 %","50 %"
"13611","HECTOR VELA","IMPRESORA DONNECO INTERNACIONAL","30/06/26","VENTA DE TRANCEPTOR MINI-GBIC SFP+10G MULTIMODO 300M (RUJIE)","MXN","$ 17.1892","$ 5,753.36","$ 515.07","$ 519.64","$ 0.00","$ 3,987.84","$ 1,765.52","$ 0.00","$ 1,765.52","$ 1,764.48","$ 1,244.84","21.64 %","$ 1,244.84","21.64 %","50 %"
"13606","ALFREDO PALOMINO","ALCOM ELECTRONICOS DE MEXICO","22/06/26","Cotización Diademas Plantronics C3225","MXN","$ 17.2023","$ 2,371.20","$ 487.12","$ 415.14","$ 0.00","$ 1,032.15","$ 1,339.05","$ 0.00","$ 1,339.05","$ 1,239.05","$ 823.91","55.29 %","$ 751.93","31.71 %","60 %"
"13600","HECTOR VELA","IMPRESORA DONNECO INTERNACIONAL","25/06/26","INSTALACION DE SOFTWARE AXTRAX (CONTROL DE ACCESO PLANTA 3)","MXN","$ 17.2023","$ 3,999.98","$ 510.00","$ 358.82","$ 706.62","$ 211.99","($ -211.99)","$ 3,293.36","$ 3,787.99","$ 3,081.37","$ 2,722.55","80.81 %","$ 2,571.37","64.28 %","0 %"
"13597","ALFREDO PALOMINO","ALPS ALPINE NORTH AMERICA","31/07/26","MOVIMIENTO DE LINEAS PLANTA B","USD","$ 17.2008","$ 2,414.96","$ 291.73","$ 222.90","$ 186.68","$ 1,057.34","$ 569.17","$ 601.77","$ 1,357.62","$ 1,170.94","$ 948.04","51.34 %","$ 879.21","36.41 %","30 %"
"13593","ALFREDO PALOMINO","ALPS ALPINE NORTH AMERICA","06/08/26","Hyundai - SWS No.1 - 4 NODOS DE RED","USD","$ 17.2008","$ 829.88","$ 112.17","$ 111.67","$ 124.45","$ 443.73","$ 141.67","$ 120.03","$ 386.15","$ 261.70","$ 150.03","31.59 %","$ 149.53","18.02 %","30 %"
"13591","ALFREDO PALOMINO","ALPS ALPINE NORTH AMERICA","06/08/26","PSS_Accessories Luggage, IMS No.1 - 3 NODOS DE RED","USD","$ 17.2008","$ 722.71","$ 99.00","$ 75.96","$ 0.00","$ 383.93","$ 94.30","$ 244.48","$ 338.78","$ 338.78","$ 262.82","50.06 %","$ 239.78","33.18 %","30 %"
"13590","ALFREDO PALOMINO","ALPS ALPINE NORTH AMERICA","31/07/26","PSS_Acces Walk-In Cushon/Back -2 NODOS DE RED","USD","$ 17.2008","$ 615.54","$ 85.83","$ 34.25","$ 0.00","$ 123.18","$ 247.88","$ 244.48","$ 492.36","$ 492.36","$ 458.11","88.37 %","$ 406.53","66.04 %","30 %"
"13589","ALFREDO PALOMINO","ALPS ALPINE NORTH AMERICA","31/07/26","PSS_Communication No. 2 - 3 NODOS DE RED","USD","$ 17.2008","$ 722.71","$ 99.00","$ 34.25","$ 0.00","$ 123.18","$ 355.05","$ 244.48","$ 599.53","$ 599.48","$ 565.23","91.91 %","$ 500.48","69.25 %","30 %"
"13588","ALFREDO PALOMINO","ALPS ALPINE NORTH AMERICA","31/07/26","PSS_Communication No. 1 - 3 NODOS DE RED","USD","$ 17.2008","$ 722.71","$ 99.00","$ 110.41","$ 117.92","$ 444.51","$ 33.72","$ 126.56","$ 278.20","$ 160.23","$ 49.82","6.89 %","$ 49.82","6.89 %","30 %"
"13584","ORLANDO MARTINEZ","MAQRAN","08/07/26","","MXN","$ 17.2008","$ 19,997.91","$ 2,711.28","$ 2,860.41","$ 0.00","$ 16,315.13","$ 3,682.78","$ 0.00","$ 3,682.78","$ 3,681.75","$ 821.34","4.11 %","$ 821.34","4.11 %","30 %"
"13579","ALFREDO PALOMINO","AMETEK LAMB MOTORES DE MEXICO","30/06/26","INSTALACION DE 2 NODOS NUEVOS + REUBICACION DE 2 NODOS OFICINAS PLANTA 2","MXN","$ 17.2067","$ 10,176.97","$ 1,205.37","$ 1,146.18","$ 2,212.54","$ 2,697.13","$ 1,782.05","$ 3,485.25","$ 7,479.84","$ 5,267.30","$ 4,121.12","52.34 %","$ 4,061.93","39.91 %","40 %"
"13576","ALFREDO PALOMINO","ALCOM ELECTRONICOS DE MEXICO","17/06/26","Renta de Escalera Eléctrica Por Mes JUNIO 2026","MXN","$ 17.2067","$ 10,939.50","$ 0.00","$ 0.00","$ 0.00","$ 10,939.50","$ 0.00","$ 0.00","$ 0.00","$ 0.00","$ 0.00","0.00 %","$ 0.00","0.00 %","10 %"
"13572","HECTOR VELA","CARPLASTIC","24/07/26","SUMINISTRO E INSTALACION DE 8 NODOS DE RED (AREA DE SLA Y MOLDEO)","MXN","$ 17.3833","$ 72,873.50","$ 11,298.04","$ 11,520.84","$ 8,555.15","$ 32,777.07","$ 21,593.73","$ 9,947.55","$ 40,096.43","$ 31,541.06","$ 20,020.22","27.47 %","$ 20,020.22","27.47 %","44 %"
"13567","ANA MARGARITA SAHAGUN","CORNING OPTICAL COMMUNICATIONS","06/07/26","Goods Plant:RY1 #RFQReq:223818 #Vendor:261591#","MXN","$ 17.4312","$ 4,449.63","$ 744.40","$ 751.75","$ 0.00","$ 2,640.82","$ 1,808.81","$ 0.00","$ 1,808.81","$ 1,808.81","$ 1,057.06","23.76 %","$ 1,057.06","23.76 %","71 %"
"13564","HECTOR VELA","SMP FOUR SEASONS DE MEXICO","27/07/26","INSTALACION DE CCTV AREA NUEVA DE PRODUCCION (PLANTA 2) SIN TUBERIA + UPS DE RESPALDO","MXN","$ 17.4312","$ 99,034.63","$ 11,453.50","$ 13,987.74","$ 33,026.04","$ 42,514.20","$ 17,022.65","$ 6,471.74","$ 56,520.43","$ 23,492.94","$ 9,505.20","9.60 %","$ 9,505.20","9.60 %","35 %"
"13562","ALFREDO PALOMINO","AMETEK LAMB MOTORES DE MEXICO","08/07/26","INSTALACION DE 1 SERVICIO DE RED PARA ESCANER CON CANALIZACION","MXN","$ 17.4312","$ 16,703.59","$ 1,888.63","$ 1,430.27","$ 3,318.75","$ 3,020.77","$ 3,590.44","$ 6,773.63","$ 13,682.82","$ 10,364.07","$ 8,933.80","64.79 %","$ 8,475.44","50.74 %","40 %"
"13555","ALFREDO PALOMINO","AMETEK LAMB MOTORES DE MEXICO","08/07/26","INSTALACION DE 10 NODOS DE RED DIVISION HT","MXN","$ 17.4453","$ 37,072.59","$ 4,078.74","$ 3,265.23","$ 4,314.38","$ 13,182.56","$ 8,653.35","$ 10,922.30","$ 23,890.03","$ 19,575.65","$ 16,310.42","55.00 %","$ 15,496.91","41.80 %","40 %"
"13552","CELESTE LANDA","EMERSON TOOL AND APPLIANCE COMPANY","07/07/26","Camaras (reparaciones menores)","MXN","$ 17.4453","$ 4,785.65","$ 810.18","$ 504.64","$ 1,106.91","$ 138.63","$ 862.38","$ 2,677.73","$ 4,647.02","$ 3,540.11","$ 3,035.47","80.36 %","$ 2,729.93","57.04 %","35 %"
"13549","HECTOR VELA","CARPLASTIC","12/06/26","VENTA DE MATERIAL DE COMPUTO (MOUSE DELL)","MXN","$ 17.4453","$ 3,488.04","$ 510.69","$ 393.60","$ 0.00","$ 1,040.04","$ 2,448.00","$ 0.00","$ 2,448.00","$ 2,448.00","$ 2,054.40","73.54 %","$ 1,937.31","55.54 %","49 %"
"13539","ALFREDO PALOMINO","ALPS ALPINE NORTH AMERICA","16/06/26","Material para Red José Rafael H.","USD","$ 17.4755","$ 2,652.53","$ 279.77","$ 235.77","$ 0.00","$ 1,382.75","$ 1,269.78","$ 0.00","$ 1,269.78","$ 1,269.78","$ 1,034.01","49.53 %","$ 990.01","37.32 %","60 %"
"13530","ANA MARGARITA SAHAGUN","CORNING OPTICAL COMMUNICATIONS","18/06/26","Goods Plant:RCS #RFQReq:224297 #Vendor:262377#","MXN","$ 17.3328","$ 5,605.60","$ 994.80","$ 994.80","$ 0.00","$ 3,920.00","$ 1,685.60","$ 0.00","$ 1,685.60","$ 1,685.60","$ 690.80","30.07 %","$ 690.80","12.32 %","43 %"
"13529","HECTOR VELA","CARPLASTIC","24/06/26","VENTA DE EQUIPOS DE COMPUTO / LOGITECH C920S HD / CANAKIT RASPBERRY Pi5","MXN","$ 17.3328","$ 42,885.48","$ 1,401.02","$ 1,382.88","$ 0.00","$ 29,429.26","$ 13,456.22","$ 0.00","$ 13,456.22","$ 9,626.16","$ 8,243.28","22.49 %","$ 8,225.14","19.18 %","42 %"
"13523","ORLANDO MARTINEZ","CORNING OPTICAL COMMUNICATIONS","26/06/26","#RFQReq:225413","MXN","$ 17.2945","$ 24,000.00","$ 2,170.00","$ 1,822.42","$ 0.00","$ 9,827.64","$ 14,172.36","$ 0.00","$ 14,172.36","$ 14,172.36","$ 12,349.94","60.50 %","$ 12,002.36","50.01 %","0 %"
"13521","CELESTE LANDA","EMERSON TOOL AND APPLIANCE COMPANY","08/07/26","COTIZACION BAJADA DE RED RTC y CELL 11","MXN","$ 17.2945","$ 13,220.46","$ 1,749.30","$ 1,829.21","$ 2,028.84","$ 7,207.16","$ 1,370.66","$ 2,613.80","$ 6,013.30","$ 3,984.46","$ 2,155.25","16.30 %","$ 2,155.25","16.30 %","30 %"
"13519","ORLANDO MARTINEZ","ALCOM ELECTRONICOS DE MEXICO","06/07/26","COTIZACION OPERADOR","MXN","$ 17.2945","$ 23,070.86","$ 2,795.75","$ 2,845.31","$ 0.00","$ 16,220.68","$ 6,850.18","$ 0.00","$ 6,850.18","$ 6,850.18","$ 4,004.87","17.36 %","$ 4,004.87","17.36 %","45 %"
"13518","RAMIRO LEE","FILTERTEK DE MEXICO","07/07/26","P#13518 - OC 480R7531 - JUEGO DE DESTORNILLADORES - Daniel Guillermo - Pin 8069","MXN","$ 17.2945","$ 2,880.40","$ 493.04","$ 413.18","$ 0.00","$ 1,208.74","$ 1,671.66","$ 0.00","$ 1,671.66","$ 1,466.17","$ 1,052.99","53.67 %","$ 973.13","33.78 %","60 %"
"13516","RAMIRO LEE","CORNING MONTERREY","27/07/26","P#13516 - PO Pendiente - Service Plant:MTA #RFQReq:222235 - Instalación de 30 nodos de red  - Pin 5160","MXN","$ 17.3780","$ 75,412.06","$ 9,602.83","$ 5,119.95","$ 6,697.43","$ 17,171.41","$ 9,229.51","$ 42,313.71","$ 58,240.65","$ 51,543.22","$ 46,423.27","74.29 %","$ 41,940.39","55.61 %","36 %"
"13510","RAMIRO LEE","BSN MEDICAL","30/06/26","P#13510 - PO 230310 - Revisión y Mantto a DVR de Sistema de Circuito Cerrado de Televisión CCTV Planta BSN RY - PIN 6923.","MXN","$ 17.3780","$ 28,768.01","$ 3,400.48","$ 2,916.08","$ 1,912.27","$ 12,590.60","$ 8,427.15","$ 5,837.99","$ 16,177.41","$ 14,080.44","$ 11,164.36","50.63 %","$ 10,679.96","37.12 %","45 %"
"13505","RAMIRO LEE","SMP ENGINE MANAGEMENT","23/06/26","P#13505 - PO 27330 - Tablet Android King Kong - Ing. Juan Sedas - Pin 8896","MXN","$ 17.3505","$ 8,739.56","$ 1,022.89","$ 888.29","$ 0.00","$ 4,909.86","$ 3,829.70","$ 0.00","$ 3,829.70","$ 3,829.70","$ 2,941.41","45.36 %","$ 2,806.81","32.12 %","47 %"
"13504","CELESTE LANDA","E&M INDUSTRIAL SUPPLIES","29/06/26","INSTALACION DE CHAROLA Y CANALIZACION DE RED","MXN","$ 17.3505","$ 105,183.52","$ 12,204.04","$ 14,466.84","$ 29,974.01","$ 49,514.38","$ 17,822.70","$ 7,872.43","$ 55,669.14","$ 25,695.13","$ 11,228.29","10.67 %","$ 11,228.29","10.67 %","35 %"
"13497","ALFREDO PALOMINO","AUTOMOTIVE MAQUILADORA","26/06/26","COTIZACION BASES PARA IDFS","MXN","$ 17.3213","$ 22,463.25","$ 2,197.16","$ 2,900.57","$ 0.00","$ 16,566.07","$ 5,897.18","$ 0.00","$ 5,897.18","$ 5,897.18","$ 2,996.61","13.34 %","$ 2,996.61","13.34 %","55 %"
"13487","RAMIRO LEE","CORNING OPTICAL COMMUNICATIONS","27/07/26","P#13487 - PO PENDIENTE - #RFQReq:225418 - Infraestructura de Red Inalámbrica WiFi 6. 4 puntos de Acceso | Mano de Obra - Nueva bodega - Pin 8066","MXN","$ 17.3793","$ 63,561.50","$ 6,015.60","$ 10,320.06","$ 26,085.53","$ 13,471.21","($ -13,471.21)","$ 37,475.97","$ 50,090.29","$ 24,004.76","$ 13,684.70","21.53 %","$ 13,684.70","21.53 %","0 %"
"13486","RAMIRO LEE","CORNING OPTICAL COMMUNICATIONS","17/07/26","P#13486 - PO  4502041862 -#RFQReq:225419 - Infraestructura de Red Inalámbrica WiFi 6. 4 puntos de Acceso | Equipo - Pin 3644.","MXN","$ 17.3793","$ 35,942.41","$ 4,802.70","$ 6,988.31","$ 0.00","$ 35,464.83","$ 477.58","$ 0.00","$ 477.58","$ 475.43","($ -6,512.88)","(-18.12 %)","($ -6,512.88)","(-18.12 %)","50 %"
"13479","HECTOR VELA","ALPS LOGISTICS MEXICO","25/06/26","SERVICIO DE MANTENIMIENTO PREVENTIVO / CORRECTIVO DE CCTV (CAMARAS INTERNAS Y EXTERNAS) _4","MXN","$ 17.3232","$ 20,810.62","$ 862.46","$ 577.13","$ 0.00","$ 5,904.25","$ 14,906.37","$ 0.00","$ 14,906.37","$ 14,904.63","$ 14,327.50","72.99 %","$ 14,042.17","67.48 %","35 %"
"13477","RAMIRO LEE","CORNING OPTICAL COMMUNICATIONS","24/07/26","Proyecto #13477 - PO 4502038797 - #RFQReq 225416 - Infraestructura de Red Inalámbrica WiFi 6. 4 puntos de Acceso | Materiales - Nueva bodega - Pin 5450.","MXN","$ 17.3232","$ 57,266.09","$ 7,408.76","$ 11,634.02","$ 0.00","$ 59,915.94","($ -2,649.85)","$ 0.00","($ -2,649.85)","($ -2,803.85)","($ -14,437.87)","(-25.21 %)","($ -14,437.87)","(-25.21 %)","51 %"
"13476","CELESTE LANDA","EMERSON TOOL AND APPLIANCE COMPANY","22/07/26","Cotizar Accesorios de Fibra","MXN","$ 17.3232","$ 3,402.00","$ 495.70","$ 495.70","$ 0.00","$ 1,890.00","$ 1,512.00","$ 0.00","$ 1,512.00","$ 461.01","($ -34.69)","13.55 %","($ -34.69)","(-1.02 %)","80 %"
"13473","HECTOR VELA","SMP FOUR SEASONS DE MEXICO","09/06/26","REUBICACION DE UNA CAMARA  DE PASSILLO HACIA ALMACEN (PLANTA 2)","MXN","$ 17.2720","$ 11,446.40","$ 2,195.85","$ 2,906.25","$ 8,106.62","$ 1,274.13","$ 1,546.61","$ 519.04","$ 10,172.27","$ 2,065.65","($ -840.60)","(-7.34 %)","($ -840.60)","(-7.34 %)","35 %"
"13468","CELESTE LANDA","STANDARD MOTOR PRODUCTS DE MEXICO","17/06/26","REUBICACION DE ALMACEN (PUENTES)","MXN","$ 17.2720","$ 5,318.39","$ 775.70","$ 729.34","$ 2,028.30","$ 333.72","$ 448.93","$ 2,507.44","$ 4,984.67","$ 2,956.37","$ 2,227.03","56.46 %","$ 2,180.67","41.00 %","35 %"
"13462","RAMIRO LEE","BLACK & DECKER DE REYNOSA","28/05/26","#13462 - Proyecto de garantía de #13212. - Pin 5524.","MXN","$ 17.3213","$ 88.88","$ 264.08","$ 1,197.91","$ 4,069.29","$ 583.49","($ -494.61)","($ -4,069.29)","($ -494.61)","($ -4,565.63)","($ -5,763.54)","(-6,484.63 %)","($ -5,763.54)","(-6,484.63 %)","1 %"
"13457","ALFREDO PALOMINO","ALCOM ELECTRONICOS DE MEXICO","03/06/26","Material de red cotización por favor gracias","MXN","$ 17.3305","$ 7,126.80","$ 1,010.20","$ 935.48","$ 0.00","$ 4,284.22","$ 2,842.58","$ 0.00","$ 2,842.58","$ 2,842.58","$ 1,907.10","40.93 %","$ 1,832.38","25.71 %","50 %"
"13454","HECTOR VELA","IMPRESORA DONNECO INTERNACIONAL","28/05/26","SUMINISTRO E INSTALACION DE CAMARA TURBO HD NUEVA Y CABLEADO NUEVO (AREA DE RAMPAS)","MXN","$ 17.3305","$ 8,670.47","$ 1,920.88","$ 1,866.84","$ 2,099.70","$ 2,661.94","$ 1,382.85","$ 2,525.98","$ 6,008.53","$ 3,908.83","$ 2,041.99","45.71 %","$ 1,987.95","22.93 %","35 %"
"13453","RAMIRO LEE","BLACK & DECKER DE REYNOSA","14/07/26","P#13453 - PO  623350 - Servicio de reubicación de dos cámaras del sistema Hikvision en el área de almacén, con el objetivo de optimizar la cobertura de los pasillos y garantizar una mayor seguridad en la vigilancia - Pin 1718.","MXN","$ 17.3305","$ 20,111.07","$ 2,967.60","$ 1,424.41","$ 2,021.00","$ 0.00","$ 5,560.58","$ 12,529.49","$ 20,111.07","$ 18,090.07","$ 16,665.66","97.62 %","$ 15,122.47","75.19 %","51 %"
"13445","RAMIRO LEE","FILTERTEK DE MEXICO","03/06/26","P#13445 - PO 480R7496- Bobina cable UTP, Conectores RJ45, Jack RJ45 - Pin 2833.","MXN","$ 17.2938","$ 10,289.98","$ 1,220.75","$ 1,203.19","$ 0.00","$ 6,354.59","$ 3,935.39","$ 0.00","$ 3,935.39","$ 3,935.39","$ 2,732.20","38.42 %","$ 2,714.64","26.38 %","59 %"
"13443","ALFREDO PALOMINO","BIOSERVICIOS INTEGRALES DEL NORESTE","09/06/26","REPARACION DE CONTROL DE ACCESO ALBERTO MORA","MXN","$ 17.3968","$ 7,211.78","$ 1,013.70","$ 594.98","$ 1,642.78","$ 0.00","$ 695.10","$ 4,873.90","$ 7,211.78","$ 5,569.00","$ 4,974.02","83.03 %","$ 4,555.30","63.16 %","40 %"
"13441","ALFREDO PALOMINO","ALCOM ELECTRONICOS DE MEXICO","25/05/26","Cotizar Adaptador","MXN","$ 17.3968","$ 4,002.00","$ 676.88","$ 670.65","$ 0.00","$ 2,629.12","$ 1,372.88","$ 0.00","$ 1,372.88","$ 1,372.88","$ 702.23","34.46 %","$ 696.00","17.39 %","50 %"
"13436","RAMIRO LEE","KOHLER REYNOSA","18/06/26","P#13436 - PO 4201205825 - RFQ 934 TV SAMSUNG 50"" - Pin 6705.","USD","$ 17.2928","$ 2,726.58","$ 296.85","$ 255.77","$ 0.00","$ 1,664.22","$ 1,062.36","$ 0.00","$ 1,062.36","$ 990.87","$ 735.10","37.85 %","$ 694.02","25.45 %","40 %"
"13432","ORLANDO MARTINEZ","ALCOM ELECTRONICOS DE MEXICO","25/05/26","RENTA 2 PLATAFORMAS DE TIJERA POR DOS MESES","MXN","$ 17.3477","$ 74,764.80","$ 10,218.64","$ 12,212.36","$ 0.00","$ 74,764.80","$ 0.00","$ 0.00","$ 0.00","$ 0.00","($ -12,212.36)","(-16.33 %)","($ -12,212.36)","(-16.33 %)","20 %"
"13431","RAMIRO LEE","CORNING OPTICAL COMMUNICATIONS","06/07/26","#13431 - PO Pendiente -#RFQReq:223046 PLATAFORMA EN RAM - Mayo - Pin 5210.","MXN","$ 17.3477","$ 19,710.00","$ 2,917.60","$ 4,391.86","$ 0.00","$ 21,799.26","($ -2,089.26)","$ 0.00","($ -2,089.26)","($ -2,089.26)","($ -6,481.12)","(-32.88 %)","($ -6,481.12)","(-32.88 %)","40 %"
"13429","ANA MARGARITA SAHAGUN","CORNING OPTICAL COMMUNICATIONS","23/06/26","Goods Plant:RAM #RFQReq:221137 #Vendor:257420#","MXN","$ 17.3477","$ 38,571.87","$ 4,862.88","$ 4,859.21","$ 0.00","$ 24,259.04","$ 14,312.83","$ 0.00","$ 14,312.83","$ 9,868.35","$ 5,009.14","25.59 %","$ 5,005.47","12.98 %","59 %"
"13410","HECTOR VELA","HOFFMAN SCHROFF MANUFACTURING","21/05/26","VENTA DE CABLE HDMI REDLEAFT (HDMIFO50) 50 MTS_2","MXN","$ 17.2130","$ 12,760.02","$ 787.82","$ 720.50","$ 0.00","$ 7,350.00","$ 5,410.02","$ 0.00","$ 5,410.02","$ 5,410.02","$ 4,689.52","42.93 %","$ 4,622.20","36.22 %","33 %"
"13395","RAMIRO LEE","FILTERTEK DE MEXICO","16/06/26","P#13395 - PO PO 480R7471 Cotizacion chapa de seguridad - Daniel Guillermo _ Pin 1623","MXN","$ 17.1878","$ 2,923.62","$ 505.82","$ 459.88","$ 0.00","$ 1,499.14","$ 1,424.48","$ 0.00","$ 1,424.48","$ 1,424.48","$ 964.60","50.29 %","$ 918.66","31.42 %","60 %"
"13387","HECTOR VELA","CARPLASTIC","29/05/26","VENTA DE BATERIAS BPA-12V24Ah (INDUSTRONIC)","MXN","$ 17.1908","$ 131,414.40","$ 8,948.08","$ 8,604.50","$ 0.00","$ 90,050.00","$ 41,364.40","$ 0.00","$ 41,364.40","$ 40,513.80","$ 31,909.30","31.09 %","$ 31,565.72","24.02 %","40 %"
"13386","ALFREDO PALOMINO","ALCOM ELECTRONICOS DE MEXICO","18/05/26","Renta de Escalera Eléctrica Por Mes MAYO 2026","MXN","$ 17.1908","$ 10,939.50","$ 0.00","$ 0.00","$ 0.00","$ 10,939.50","$ 0.00","$ 0.00","$ 0.00","$ 0.00","$ 0.00","0.00 %","$ 0.00","0.00 %","10 %"
"13385","RAMIRO LEE","CORNING MONTERREY","31/07/26","#13385 - PO  4502027255 - #RFQReq:222521 Instalación de servicio de 8 cableados para MTA sin material de red, pero con Material para 4 bajadas con tubería conduit pd 3 /4 in. Pin 9873","MXN","$ 17.1908","$ 61,897.30","$ 7,348.13","$ 2,849.08","$ 2,021.00","$ 11,126.54","$ 31,784.46","$ 16,965.30","$ 50,770.76","$ 48,749.76","$ 45,900.68","86.03 %","$ 41,401.63","66.89 %","46 %"
"13383","RAMIRO LEE","CORNING MONTERREY","23/07/26","#13383 - PO 4502027257 - #RFQReq:222520 Instalación de servicio de 35 cableados para MTA sin material de red, pero con Material MT para 15 bajadas con tubería conduit pd. Pin 1606","MXN","$ 17.1908","$ 130,735.95","$ 15,518.68","$ 11,601.86","$ 12,126.00","$ 44,429.59","$ 28,969.00","$ 45,211.36","$ 86,306.36","$ 74,180.36","$ 62,578.50","59.74 %","$ 58,661.68","44.87 %","30 %"
"13382","ALFREDO PALOMINO","ALCOM ELECTRONICOS DE MEXICO","18/05/26","REVICION Y REPARACION DE CONTROL DE ACCESO DE ELEVADOR","MXN","$ 17.1908","$ 8,832.14","$ 1,200.79","$ 789.75","$ 1,185.01","$ 1,818.14","$ 702.50","$ 5,126.49","$ 7,014.00","$ 5,828.99","$ 5,039.24","70.65 %","$ 4,628.20","52.40 %","40 %"
"13381","CELESTE LANDA","EMERSON TOOL AND APPLIANCE COMPANY","05/06/26","Bajadas Red Cel 21","MXN","$ 17.2105","$ 47,016.50","$ 5,211.11","$ 4,059.07","$ 6,063.00","$ 15,849.04","$ 8,039.08","$ 17,065.38","$ 31,167.46","$ 25,104.46","$ 21,045.39","55.85 %","$ 19,893.35","42.31 %","42 %"
"13366","ALFREDO PALOMINO","ALPS ALPINE NORTH AMERICA","22/06/26","REQ - 1187 - ADAPTADOR HEMBRA MACHO","USD","$ 17.2530","$ 108.82","$ 24.73","$ 23.33","$ 0.00","$ 55.24","$ 53.58","$ 0.00","$ 53.58","$ 53.58","$ 30.25","50.52 %","$ 28.85","26.51 %","70 %"
"13364","ORLANDO MARTINEZ","PUBLICO EN GENERAL","31/07/26","Instalacion de 4 camaras IV","MXN","$ 17.2530","$ 15,590.34","$ 2,168.82","$ 2,985.52","$ 0.00","$ 17,096.96","($ -1,506.62)","$ 0.00","($ -1,506.62)","($ -1,506.62)","($ -4,492.14)","(-28.81 %)","($ -4,492.14)","(-28.81 %)","30 %"
"13362","RAMIRO LEE","AUTOMOTIVE MAQUILADORA","11/05/26","PV#13362 - OC#65763 - PIN 6224 -ALEXANDRA BRINGAS","MXN","$ 17.2530","$ 3,788.24","$ 732.29","$ 726.72","$ 0.00","$ 1,511.48","$ 2,276.76","$ 0.00","$ 2,276.76","$ 2,196.76","$ 1,470.04","58.14 %","$ 1,464.47","38.66 %","0 %"
"13356","ORLANDO MARTINEZ","GM3 INDUSTRIAL SERVICES","28/05/26","CERRADURA INTELIGENTE","MXN","$ 17.3752","$ 1,712.70","$ 288.93","$ 288.84","$ 0.00","$ 1,294.67","$ 418.03","$ 0.00","$ 418.03","$ 418.03","$ 129.19","24.41 %","$ 129.10","7.54 %","32 %"
"13347","HECTOR VELA","INTERMEX MANUFACTURA","19/05/26","SUMINISTRO E INSTALACION DE 5 NODOS DE RED AREA DE KRAKEN","MXN","$ 17.5157","$ 26,906.17","$ 3,671.14","$ 4,022.30","$ 3,042.46","$ 14,896.17","$ 2,758.65","$ 6,208.89","$ 12,010.00","$ 8,967.54","$ 4,945.24","18.38 %","$ 4,945.24","18.38 %","40 %"
"13346","ALFREDO PALOMINO","ALCOM ELECTRONICOS DE MEXICO","15/05/26","VENTA E INSTALACION DE BOTON EN TORNIQUETE","MXN","$ 17.5157","$ 2,282.37","$ 410.59","$ 412.33","$ 1,106.91","$ 532.61","$ 224.16","$ 418.69","$ 1,749.76","$ 642.85","$ 230.52","10.10 %","$ 230.52","10.10 %","60 %"
"13342","HECTOR VELA","INTERMEX MANUFACTURA","10/06/26","SUMINISTRO E INSTALACION DE 24 NODOS DE RED (AREA NUEVA PRODUCCION) NUHEAT","MXN","$ 17.5157","$ 110,053.13","$ 13,951.56","$ 12,333.30","$ 6,367.25","$ 49,976.04","$ 32,323.03","$ 21,386.81","$ 60,077.09","$ 53,709.84","$ 41,376.54","50.27 %","$ 39,758.28","36.13 %","53 %"
"13338","HECTOR VELA","NEWOPTIX RS","28/05/26","GARANTIA DE CHAPA MAGNETICA (PUERTA PASILLO)","MXN","$ 17.5118","$ 0.50","$ 250.06","$ 520.25","$ 1,286.84","$ 0.00","$ 0.50","($ -1,286.84)","$ 0.50","($ -1,286.34)","($ -1,806.59)","(-361,318.00 %)","($ -1,806.59)","(-361,318.00 %)","35 %"
"13336","ALFREDO PALOMINO","ALCOM ELECTRONICOS DE MEXICO","16/06/26","COTIZAR CABLE DE INTERNET PARA CAMARAS DE INSPECCION","MXN","$ 17.5118","$ 2,144.35","$ 442.26","$ 448.07","$ 0.00","$ 1,523.55","$ 620.80","$ 0.00","$ 620.80","$ 619.05","$ 170.98","7.97 %","$ 170.98","7.97 %","45 %"
"13320","ALFREDO PALOMINO","WOODCRAFTERS HOME PRODUCTS","05/05/26","Cotización M1023-19 ACTUALIZACION ATR-11","MXN","$ 17.4948","$ 1,471.50","$ 395.33","$ 394.13","$ 0.00","$ 900.75","$ 570.75","$ 0.00","$ 570.75","$ 569.00","$ 174.87","38.75 %","$ 173.67","11.80 %","62 %"
"13316","CELESTE LANDA","JOSE LEOPOLDO GARCIA GRACIA","13/07/26","OXXO LAS AVES","MXN","$ 17.4948","$ 2,088.88","$ 460.51","$ 374.29","$ 956.14","$ 0.00","$ 2,088.88","($ -956.14)","$ 2,088.88","$ 1,132.74","$ 758.45","58.35 %","$ 672.23","32.18 %","29 %"
"13300","ALFREDO PALOMINO","ALPS ALPINE NORTH AMERICA","29/06/26","Cotización DC 12V 3A Power Adapter","USD","$ 17.4052","$ 339.20","$ 48.28","$ 51.04","$ 0.00","$ 229.20","$ 110.00","$ 0.00","$ 110.00","$ 66.44","$ 15.40","4.54 %","$ 15.40","4.54 %","60 %"
"13298","HECTOR VELA","HOFFMAN SCHROFF MANUFACTURING","28/05/26","VENTA DE LICENCIA PERPETUA SOFTWARE LABEL MATRIX (RFQ:26042319)","MXN","$ 17.4052","$ 20,250.00","$ 850.00","$ 820.00","$ 0.00","$ 14,000.00","$ 6,250.00","$ 0.00","$ 6,250.00","$ 6,250.00","$ 5,430.00","31.01 %","$ 5,400.00","26.67 %","35 %"
"13297","ANA MARGARITA SAHAGUN","CORNING OPTICAL COMMUNICATIONS","18/05/26","Goods Plant:RAM #RFQReq:220596 #Vendor:256352#","MXN","$ 17.4052","$ 2,797.43","$ 574.10","$ 544.31","$ 0.00","$ 1,549.00","$ 1,248.43","$ 0.00","$ 1,248.43","$ 1,248.43","$ 704.12","45.69 %","$ 674.33","24.11 %","64 %"
"13288","HECTOR VELA","HOFFMAN SCHROFF MANUFACTURING","11/05/26","VENTA DE AURICULARES JABRA ENVOLVE2 65 FLEX","MXN","$ 17.3587","$ 5,508.81","$ 519.76","$ 514.61","$ 0.00","$ 3,820.32","$ 1,688.49","$ 0.00","$ 1,688.49","$ 1,688.49","$ 1,173.88","30.74 %","$ 1,168.73","21.22 %","38 %"
"13287","RAMIRO LEE","CORNING OPTICAL COMMUNICATIONS","23/07/26","#13287 -  PO 4502031213 -#RFQReq 222469 East Wing (Office Expansion) Assembly and installation of a 19-inch rack, installation of switches,PDU, cable managers, UPS, and fiber distribution panel, Pin 7516.","MXN","$ 17.3287","$ 95,740.48","$ 13,391.46","$ 9,733.58","$ 18,156.70","$ 12,505.14","($ -9,278.18)","$ 74,356.82","$ 83,235.34","$ 65,078.64","$ 55,345.06","71.79 %","$ 51,687.18","53.99 %","0 %"
"13285","RAMIRO LEE","CORNING OPTICAL COMMUNICATIONS","23/07/26","P#13285 - PO 4502031318  - #RFQReq222468  Servicio para expansión RCS Equipo de elevación Mano de Obra para el despliegue de fibras ópticas al área de expansión desde los cuartos de datos TC01- TC02, incluyendo el ruteado de cables. Pin 8489.","MXN","$ 17.3287","$ 96,838.75","$ 12,910.22","$ 7,037.65","$ 7,014.77","$ 12,390.02","($ -402.82)","$ 77,836.78","$ 84,448.73","$ 77,433.96","$ 70,396.31","86.03 %","$ 64,523.74","66.63 %","60 %"
"13283","CELESTE LANDA","E&M INDUSTRIAL SUPPLIES","05/05/26","NODO MAQUINA NUEVA","MXN","$ 17.3323","$ 7,140.41","$ 1,039.38","$ 950.00","$ 2,021.00","$ 1,722.45","$ 1,212.80","$ 2,184.16","$ 5,417.96","$ 3,396.96","$ 2,446.96","48.83 %","$ 2,357.58","33.02 %","35 %"
"13281","ALFREDO PALOMINO","ALCOM ELECTRONICOS DE MEXICO","07/08/26","VENTA E INSTALACION DE 4 MOTORES ACCESO VEHICULAR","MXN","$ 17.3200","$ 562,174.88","$ 62,641.02","$ 59,763.29","$ 31,329.62","$ 330,837.88","$ 176,595.98","$ 23,411.40","$ 231,337.00","$ 148,721.79","$ 88,958.50","26.97 %","$ 86,080.77","15.31 %","33 %"
"13278","ALFREDO PALOMINO","IIMED MEDICAL SOLUTIONS LLC","05/08/26","COTIZACION 1 DISCOS DURO DE 10TB","USD","$ 17.3200","$ 696.30","$ 84.07","$ 107.04","$ 40.80","$ 525.28","$ 171.02","($ -40.80)","$ 171.02","$ 130.22","$ 23.18","3.33 %","$ 23.18","3.33 %","60 %"
"13273","RAMIRO LEE","CORNING MONTERREY","30/04/26","#13273 - PO  4502020067 -#RFQReq220662 Instalación de servicio de 10 cableados para instalación de checadores MT - Pin 4299.","MXN","$ 17.2447","$ 30,290.86","$ 3,935.31","$ 3,554.31","$ 6,066.35","$ 9,728.31","($ -1,409.41)","$ 15,905.61","$ 20,562.55","$ 14,496.20","$ 10,941.89","49.11 %","$ 10,560.89","34.86 %","36 %"
"13272","HECTOR VELA","HOFFMAN SCHROFF MANUFACTURING","27/04/26","VENTA DE EQUIPOS DE AUDIO AURICULARES JABRA ENVOLVE 2 65 FLEX","MXN","$ 17.2447","$ 7,244.42","$ 658.64","$ 603.16","$ 0.00","$ 3,438.79","$ 3,805.63","$ 0.00","$ 3,805.63","$ 3,805.63","$ 3,202.47","53.30 %","$ 3,146.99","43.44 %","37 %"
"13267","ALFREDO PALOMINO","MONROE MEXICO","18/05/26","2 CABLEADOS PARA IMPRESORAS PLANTA 2","MXN","$ 17.2723","$ 14,010.74","$ 1,773.16","$ 1,098.36","$ 2,030.32","$ 2,637.46","$ 2,962.96","$ 6,380.00","$ 11,373.28","$ 9,342.96","$ 8,244.60","71.50 %","$ 7,569.80","54.03 %","40 %"
"13257","HECTOR VELA","IMPRESORA DONNECO INTERNACIONAL","27/04/26","VENTA DE ADAPTADOR DE DISPLAYPORT 4K A HDMI DP 1.2 UNA SOLA DIRECCION","MXN","$ 17.2688","$ 2,230.40","$ 440.80","$ 444.33","$ 0.00","$ 1,477.69","$ 752.71","$ 0.00","$ 752.71","$ 521.59","$ 77.26","3.46 %","$ 77.26","3.46 %","64 %"
"13252","CELESTE LANDA","JOSE LEOPOLDO GARCIA GRACIA","16/04/26","OXXO CAP CARLOS CANTU","MXN","$ 17.3470","$ 2,809.84","$ 506.90","$ 350.46","$ 478.39","$ 0.00","$ 2,809.84","($ -478.39)","$ 2,809.84","$ 2,331.45","$ 1,980.99","88.54 %","$ 1,824.55","64.93 %","75 %"
"13251","CELESTE LANDA","JOSE LEOPOLDO GARCIA GRACIA","16/04/26","OXXO AVE FELIPE","MXN","$ 17.3470","$ 2,809.80","$ 506.90","$ 350.46","$ 478.39","$ 0.00","$ 2,809.80","($ -478.39)","$ 2,809.80","$ 2,331.41","$ 1,980.95","88.54 %","$ 1,824.51","64.93 %","75 %"
"13246","RAMIRO LEE","BLACK & DECKER DE REYNOSA","10/07/26","P#13246 - PO #620287 - Servicio de Reemplazo Kit de Video Portero Peatonal con Accesorios, Pin 8616.","MXN","$ 17.3470","$ 21,885.87","$ 2,576.85","$ 2,292.10","$ 4,009.26","$ 5,938.40","$ 6,003.19","$ 5,935.02","$ 15,947.47","$ 11,937.65","$ 9,645.55","55.85 %","$ 9,360.80","42.77 %","57 %"
"13243","HECTOR VELA","IMPRESORA DONNECO INTERNACIONAL","27/04/26","MANO DE OBRA POR REVISION Y DIAGNOSTICO DE ANTENA DE RADIO (PLANTA 1)","MXN","$ 17.3033","$ 17,062.39","$ 2,428.68","$ 2,189.11","$ 5,925.84","$ 904.30","($ -904.30)","$ 11,136.55","$ 16,158.09","$ 10,232.25","$ 8,043.14","61.37 %","$ 7,803.57","45.74 %","0 %"
"13241","ORLANDO MARTINEZ","AMETEK LAMB MOTORES DE MEXICO","15/04/26","Cable utp para exterior y Cinchos","MXN","$ 17.3033","$ 3,891.08","$ 561.29","$ 561.29","$ 0.00","$ 1,945.54","$ 1,945.54","$ 0.00","$ 1,945.54","$ 1,945.54","$ 1,384.25","50.00 %","$ 1,384.25","35.57 %","0 %"
"13239","HECTOR VELA","INTERMEX MANUFACTURA","21/05/26","SUMINISTRO E INSTALACION DE NODOS DE RED EN EL AREA DE (IPLANT / ELECTRONICS / EMBARQUES)","MXN","$ 17.3033","$ 38,485.39","$ 5,303.27","$ 4,708.91","$ 4,056.60","$ 14,731.38","$ 9,876.98","$ 9,820.43","$ 23,754.01","$ 19,697.41","$ 14,988.50","52.73 %","$ 14,394.14","37.40 %","37 %"
"13238","ALFREDO PALOMINO","ALCOM ELECTRONICOS DE MEXICO","13/04/26","Renta de Escalera Eléctrica Por Mes ABRIL 2026","MXN","$ 17.3033","$ 10,939.50","$ 0.00","$ 0.00","$ 0.00","$ 10,939.50","$ 0.00","$ 0.00","$ 0.00","$ 0.00","$ 0.00","0.00 %","$ 0.00","0.00 %","10 %"
"13237","ORLANDO MARTINEZ","MARIA ANTONIETA NUÑEZ PACHECO","14/05/26","reparacion de ap naranjos","MXN","$ 17.3593","$ 26,803.03","$ 3,372.20","$ 2,503.81","$ 4,056.60","$ 8,762.03","$ 9,630.68","$ 4,353.72","$ 18,041.00","$ 13,984.40","$ 11,480.59","55.41 %","$ 10,612.20","39.59 %","33 %"
"13235","CELESTE LANDA","CONSORCIO PETROLERO 5M DEL GOLFO","27/04/26","REVISION DEL CONTROL DE ACCESO","MXN","$ 17.3593","$ 4,632.33","$ 695.64","$ 488.33","$ 1,012.82","$ 160.24","$ 72.11","$ 3,387.16","$ 4,472.09","$ 3,459.27","$ 2,970.94","79.15 %","$ 2,763.63","59.66 %","45 %"
"13233","ANA MARGARITA SAHAGUN","CORNING OPTICAL COMMUNICATIONS","29/04/26","Goods Plant:RY1 #RFQReq:217508 #Vendor:251337#","MXN","$ 17.3593","$ 21,749.76","$ 3,119.76","$ 3,119.76","$ 0.00","$ 15,104.00","$ 6,645.76","$ 0.00","$ 6,645.76","$ 6,645.76","$ 3,526.00","30.56 %","$ 3,526.00","16.21 %","44 %"
"13232","ORLANDO MARTINEZ","PUBLICO EN GENERAL","16/04/26","","MXN","$ 17.3593","$ 2,037.82","$ 500.82","$ 496.89","$ 0.00","$ 1,543.10","$ 494.72","$ 0.00","$ 494.72","$ 494.36","($ -2.53)","24.45 %","($ -6.46)","(-0.32 %)","30 %"
"13231","HECTOR VELA","INDO-MIM MEXICO","26/05/26","VENTA DE ACCESORIOS PARA CHAROLA (CHAROFIL)","MXN","$ 17.3593","$ 1,878.67","$ 529.20","$ 529.20","$ 0.00","$ 973.40","$ 905.27","$ 0.00","$ 905.27","$ 905.27","$ 376.07","48.19 %","$ 376.07","20.02 %","93 %"
"13229","HECTOR VELA","LANDIS & GYR","27/04/26","VENTA DE TARJETAS DE CONTROL DE ACCESO (1326LGSMV PROXCARD) Actualizado","MXN","$ 17.4157","$ 15,747.00","$ 863.42","$ 840.38","$ 0.00","$ 11,346.00","$ 4,401.00","$ 0.00","$ 4,401.00","$ 4,400.83","$ 3,560.45","28.09 %","$ 3,537.41","22.46 %","30 %"
"13228","ALFREDO PALOMINO","ALCOM ELECTRONICOS DE MEXICO","11/05/26","Cotizar Accesorios para mesa de Juntas","MXN","$ 17.4157","$ 2,236.80","$ 473.68","$ 479.76","$ 0.00","$ 1,436.00","$ 800.80","$ 0.00","$ 800.80","$ 758.82","$ 279.06","12.48 %","$ 279.06","12.48 %","60 %"
"13223","ALFREDO PALOMINO","ALPS ALPINE NORTH AMERICA","16/06/26","Material para Red José Rafael H.","USD","$ 17.4157","$ 2,652.53","$ 279.77","$ 235.77","$ 0.00","$ 1,382.81","$ 1,269.72","$ 0.00","$ 1,269.72","$ 1,254.80","$ 1,019.03","48.96 %","$ 975.03","36.76 %","60 %"
"13222","ALFREDO PALOMINO","ALCOM ELECTRONICOS DE MEXICO","28/04/26","Cotización Mouse Inalámbrico NYIEFADA","MXN","$ 17.7580","$ 2,885.33","$ 451.60","$ 500.46","$ 0.00","$ 1,565.39","$ 1,319.94","$ 0.00","$ 1,319.94","$ 1,105.74","$ 605.28","20.98 %","$ 605.28","20.98 %","0 %"
"13219","CELESTE LANDA","MIKUNI MEXICANA","11/05/26","MRORC26-1334_M.M","MXN","$ 17.7580","$ 35,391.20","$ 3,218.29","$ 3,034.55","$ 0.00","$ 21,419.58","$ 13,971.62","$ 0.00","$ 13,971.62","$ 13,971.62","$ 10,937.07","40.00 %","$ 10,753.33","30.38 %","55 %"
"13216","RAMIRO LEE","BLACK & DECKER DE REYNOSA","10/07/26","P#13216 -  PO 619821 -Servicio de Reemplazo Kit de Video Portero Vehicular de Acceso, Pin 8711","MXN","$ 17.8117","$ 15,278.62","$ 1,970.68","$ 1,734.46","$ 3,994.25","$ 2,472.86","$ 3,492.92","$ 5,318.59","$ 12,805.76","$ 8,659.76","$ 6,925.30","58.23 %","$ 6,689.08","43.78 %","54 %"
"13212","RAMIRO LEE","BLACK & DECKER DE REYNOSA","28/04/26","P#13212 -OC #619826 - Servicio de Reemplazo De Chapas Magnéticas, Cierra Puerta y Botón Verde Puerta Peatonal a Planta – Caseta Principal - Pin 8080.","MXN","$ 17.8117","$ 24,041.73","$ 2,966.22","$ 3,104.98","$ 7,440.13","$ 6,516.00","$ 5,115.43","$ 4,970.17","$ 17,525.73","$ 10,085.24","$ 6,980.26","29.03 %","$ 6,980.26","29.03 %","60 %"
"13211","RAMIRO LEE","SMP ENGINE MANAGEMENT","16/06/26","PV#13211 - OC #27150 - Jacks - Patch Cords - Pin 1866","MXN","$ 17.8117","$ 17,727.20","$ 1,896.11","$ 1,943.33","$ 0.00","$ 13,025.60","$ 4,701.60","$ 0.00","$ 4,701.60","$ 2,339.40","$ 396.07","2.23 %","$ 396.07","2.23 %","40 %"
"13206","ALFREDO PALOMINO","WOODCRAFTERS HOME PRODUCTS","13/04/26","COTIZACION Laptop HP 14-DQ0518LA","MXN","$ 18.0033","$ 13,991.60","$ 2,148.86","$ 1,625.54","$ 0.00","$ 7,239.66","$ 6,751.94","$ 0.00","$ 6,751.94","$ 6,751.94","$ 5,126.40","52.00 %","$ 4,603.08","32.90 %","40 %"
"13203","RAMIRO LEE","BLACK & DECKER DE REYNOSA","28/04/26","P#13203 - OC#619790 - Servicio de Reemplazo de Botón de Puerta Laboratorio Metrología. - Pin 4078","MXN","$ 18.0033","$ 8,667.27","$ 1,414.24","$ 1,186.93","$ 3,091.12","$ 236.25","$ 2,066.98","$ 3,272.92","$ 8,431.02","$ 5,339.54","$ 4,152.61","64.23 %","$ 3,925.30","45.29 %","50 %"
"13200","RAMIRO LEE","BLACK & DECKER DE REYNOSA","29/04/26","#13200 - OC 619793 - Servicio de Reemplazo de Cámara PTZ IP Domo 52 Almacén Residuos Peligrosos, Pin 2602.","MXN","$ 18.0033","$ 66,005.81","$ 7,438.32","$ 5,274.88","$ 5,237.93","$ 19,843.21","$ 23,967.08","$ 16,957.59","$ 46,162.60","$ 40,924.61","$ 35,649.73","65.28 %","$ 33,486.29","50.73 %","48 %"
"13188","HECTOR VELA","CARPLASTIC","29/04/26","REPARACION DE PANTALLA DE CELULAR SAMSUNG S24 ULTRA (SM-S2928B)","MXN","$ 17.7957","$ 12,460.00","$ 1,301.00","$ 1,130.00","$ 0.00","$ 7,000.00","$ 5,460.00","$ 0.00","$ 5,460.00","$ 5,460.00","$ 4,330.00","45.19 %","$ 4,159.00","33.38 %","40 %"
"13187","CELESTE LANDA","BCS-AIS ENSAMBLES MEXICO","08/04/26","RENTA DE GENERADOR","MXN","$ 17.7548","$ 2,652.00","$ 462.16","$ 250.00","$ 0.00","$ 0.00","$ 2,652.00","$ 0.00","$ 2,652.00","$ 2,652.00","$ 2,402.00","108.00 %","$ 2,189.84","82.57 %","0 %"
"13184","RAMIRO LEE","CORNING OPTICAL COMMUNICATIONS","13/04/26","#RFQReq:218489 PLATAFORMA EN RAM - Abril","MXN","$ 17.7548","$ 19,710.00","$ 2,917.60","$ 4,391.86","$ 0.00","$ 21,799.26","($ -2,089.26)","$ 0.00","($ -2,089.26)","($ -2,089.26)","($ -6,481.12)","(-32.88 %)","($ -6,481.12)","(-32.88 %)","40 %"
"13176","ANA MARGARITA SAHAGUN","CORNING OPTICAL COMMUNICATIONS","28/04/26","Goods Plant:RY1 #RFQReq:218337 #Vendor:252772#","MXN","$ 17.8047","$ 7,386.30","$ 1,217.86","$ 1,083.70","$ 0.00","$ 4,387.94","$ 2,998.36","$ 0.00","$ 2,998.36","$ 2,998.36","$ 1,914.66","42.41 %","$ 1,780.50","24.11 %","45 %"
"13173","HECTOR VELA","VEXIN GLOBAL SUPPLY","27/05/26","VENTA DE MONTAJE DE PISO MOBIL DE 86"" A 98"" (HIKVISION)","MXN","$ 17.7780","$ 7,151.29","$ 558.92","$ 555.98","$ 0.00","$ 5,199.42","$ 1,951.87","$ 0.00","$ 1,951.87","$ 1,951.87","$ 1,395.89","27.34 %","$ 1,392.95","19.48 %","35 %"
"13170","ANA MARGARITA SAHAGUN","CORNING OPTICAL COMMUNICATIONS","14/05/26","Goods Plant:RY1 #RFQReq:217440 #Vendor:252542#","MXN","$ 17.7780","$ 3,035.18","$ 550.35","$ 451.80","$ 0.00","$ 1,062.06","$ 1,973.12","$ 0.00","$ 1,973.12","$ 1,973.12","$ 1,521.32","68.26 %","$ 1,422.77","46.88 %","92 %"
"13166","RAMIRO LEE","CORNING OPTICAL COMMUNICATIONS","29/06/26","#13166 - PO # 4502008841 - Rfq 2873713 - KARINA GAMBOA - ENRIQUE CERVANTES - PLANTA RAM - PIN 1121.","MXN","$ 17.7780","$ 225,489.60","$ 13,923.62","$ 27,766.73","$ 0.00","$ 144,824.91","$ 80,664.69","$ 0.00","$ 80,664.69","$ 80,664.69","$ 52,897.96","23.46 %","$ 52,897.96","23.46 %","0 %"
"13165","RAMIRO LEE","CORNING OPTICAL COMMUNICATIONS","29/06/26","#13165 - PO # 4502008847 - Rfq 2873720 - KARINA GAMBOA - ANDREA GALLEGOS - PLANTA RAM - PIN 1121.","MXN","$ 17.7780","$ 225,489.60","$ 13,923.62","$ 27,766.73","$ 0.00","$ 144,824.91","$ 80,664.69","$ 0.00","$ 80,664.69","$ 80,664.69","$ 52,897.96","23.46 %","$ 52,897.96","23.46 %","0 %"
"13164","RAMIRO LEE","CORNING OPTICAL COMMUNICATIONS","29/06/26","#13164 - PO # 4502008843 - Rfq 2873715 - KARINA GAMBOA - MATEO SEQUERA - PLANTA RAM - PIN 2357.","MXN","$ 17.7780","$ 225,489.60","$ 13,923.62","$ 27,766.73","$ 0.00","$ 144,824.91","$ 80,664.69","$ 0.00","$ 80,664.69","$ 80,664.69","$ 52,897.96","23.46 %","$ 52,897.96","23.46 %","0 %"
"13163","RAMIRO LEE","CORNING OPTICAL COMMUNICATIONS","29/06/26","#13163 - PO # 4502008614 Rfq 2873710 - KARINA GAMBOA - MATEO SEQUERA - PLANTA RAM - PIN 7053.","MXN","$ 17.7780","$ 225,489.60","$ 13,923.62","$ 27,766.73","$ 0.00","$ 144,824.91","$ 80,664.69","$ 0.00","$ 80,664.69","$ 80,664.69","$ 52,897.96","23.46 %","$ 52,897.96","23.46 %","0 %"
"13160","ANA MARGARITA SAHAGUN","CORNING OPTICAL COMMUNICATIONS","08/04/26","Goods Plant:RAM #RFQReq:217877 #Vendor:252276#","MXN","$ 17.7780","$ 3,397.50","$ 677.50","$ 677.50","$ 0.00","$ 2,250.00","$ 1,147.50","$ 0.00","$ 1,147.50","$ 1,147.50","$ 470.00","33.77 %","$ 470.00","13.83 %","51 %"
"13151","HECTOR VELA","IMPRESORA DONNECO INTERNACIONAL","15/04/26","VENTA DE CABLE VIAKON (DMI) Y CABLE PARA RED (PANDUIT)","MXN","$ 17.8998","$ 50,656.47","$ 1,501.23","$ 1,621.14","$ 0.00","$ 40,704.83","$ 9,951.64","$ 0.00","$ 9,951.64","$ 9,951.08","$ 8,329.94","16.44 %","$ 8,329.94","16.44 %","38 %"
"13145","CELESTE LANDA","E&M INDUSTRIAL SUPPLIES","13/04/26","NODOS DE RED MAQUINAS NUEVAS","MXN","$ 17.6690","$ 25,463.76","$ 3,047.86","$ 3,401.86","$ 8,548.74","$ 8,478.94","$ 2,263.00","$ 6,173.08","$ 16,984.82","$ 8,436.08","$ 5,034.22","19.77 %","$ 5,034.22","19.77 %","36 %"
"13142","HECTOR VELA","VEXIN GLOBAL SUPPLY","14/04/26","COTIZACION DE PANTALLA INTERACTIVA HIKVISION (DS-D5C86RB/B2L(EDLA)","MXN","$ 17.6922","$ 72,959.46","$ 2,083.68","$ 2,190.39","$ 0.00","$ 59,679.66","$ 13,279.80","$ 0.00","$ 13,279.80","$ 13,279.62","$ 11,089.23","15.20 %","$ 11,089.23","15.20 %","30 %"
"13136","ORLANDO MARTINEZ","CRISTALERA GONZALEZ MORELOS","08/04/26","Reparacion Puerta","MXN","$ 17.6922","$ 7,469.14","$ 1,235.29","$ 1,796.30","$ 4,814.92","$ 3,344.75","$ 1,337.89","($ -2,028.42)","$ 4,124.39","($ -690.53)","($ -2,486.83)","(-33.29 %)","($ -2,486.83)","(-33.29 %)","40 %"
"13134","ORLANDO MARTINEZ","ALCOM ELECTRONICOS DE MEXICO","13/04/26","switches 5 puertos","MXN","$ 17.9218","$ 1,311.93","$ 319.97","$ 342.22","$ 0.00","$ 576.37","$ 735.56","$ 0.00","$ 735.56","$ 735.56","$ 393.34","29.98 %","$ 393.34","29.98 %","0 %"
"13129","CELESTE LANDA","E&M INDUSTRIAL SUPPLIES","13/04/26","OFICINAS BERRENDO EQUIPOS NUEVOS","MXN","$ 17.8368","$ 111,565.98","$ 13,167.73","$ 12,607.39","$ 8,270.13","$ 66,379.13","$ 22,633.13","$ 14,283.59","$ 45,186.85","$ 36,916.54","$ 24,309.15","33.59 %","$ 23,748.81","21.29 %","35 %"
"13128","RAMIRO LEE","CORNING MONTERREY","10/04/26","#13128 - PO 4502010687 -#RFQReq 217708 - Instalación de servicio de servicio de 16 cableados para el área de C&A Auto - Pin 1201","MXN","$ 17.8368","$ 43,431.99","$ 3,935.31","$ 3,572.37","$ 5,273.58","$ 10,824.77","($ -2,505.87)","$ 29,839.51","$ 32,607.22","$ 27,333.64","$ 23,761.27","63.77 %","$ 23,398.33","53.87 %","36 %"
"13127","ORLANDO MARTINEZ","ALCOM ELECTRONICOS DE MEXICO","25/03/26","REPARACION DE CELULAR","MXN","$ 17.8368","$ 4,633.02","$ 744.19","$ 616.57","$ 0.00","$ 2,291.10","$ 2,341.92","$ 0.00","$ 2,341.92","$ 2,341.92","$ 1,725.35","53.30 %","$ 1,597.73","34.49 %","50 %"
"13126","RAMIRO LEE","CORNING MONTERREY","31/03/26","#13126 - PO  4502010682 - #RFQReq 217694 - Instalación de servicio de servicio de 10 cableados para el área de C&P - Pin 6778.","MXN","$ 17.8368","$ 30,185.73","$ 3,935.31","$ 553.97","$ 0.00","$ 1,599.84","$ 6,719.06","$ 21,866.83","$ 28,585.89","$ 28,585.89","$ 28,031.92","105.90 %","$ 24,650.58","81.66 %","36 %"
"13122","ORLANDO MARTINEZ","PUBLICO EN GENERAL","15/04/26","EXEDENTE INSTALACION SOLAR JAIME RODRIGUEZ","MXN","$ 17.6543","$ 51,618.73","$ 6,603.07","$ 5,691.27","$ 0.00","$ 34,007.91","$ 17,610.82","$ 0.00","$ 17,610.82","$ 17,610.82","$ 11,919.55","35.88 %","$ 11,007.75","21.33 %","30 %"
"13115","HECTOR VELA","LANDIS & GYR","30/03/26","SUMINISTRO E INSTALACION DE CHAROLA (AREA  NUEVA DE PRODUCCION PLANTA 2) Actualizado 2","MXN","$ 17.6543","$ 121,920.27","$ 16,327.26","$ 14,557.27","$ 19,467.80","$ 49,806.38","$ 41,205.96","$ 11,440.13","$ 72,113.89","$ 52,644.12","$ 38,086.85","44.63 %","$ 36,316.86","29.79 %","35 %"
"13114","CELESTE LANDA","E&M INDUSTRIAL SUPPLIES","16/04/26","OFICINAS BERRENDO","MXN","$ 17.6543","$ 69,357.45","$ 8,185.82","$ 6,507.04","$ 15,831.97","$ 18,327.07","$ 30,004.58","$ 5,193.83","$ 51,030.38","$ 35,026.93","$ 28,519.89","52.92 %","$ 26,841.11","38.70 %","35 %"
"13112","RAMIRO LEE","CORNING OPTICAL COMMUNICATIONS","30/03/26","#13112 - PO  4502009031 - RENTA DE 1 MES POR 1 PLATAFORMA EN RAM - Marzo - Pin 8063.","MXN","$ 17.5037","$ 19,710.00","$ 2,917.60","$ 4,391.86","$ 0.00","$ 21,799.26","($ -2,089.26)","$ 0.00","($ -2,089.26)","($ -2,089.26)","($ -6,481.12)","(-32.88 %)","($ -6,481.12)","(-32.88 %)","40 %"
"13111","ALFREDO PALOMINO","ALCOM ELECTRONICOS DE MEXICO","25/03/26","Pantalla privacidad portatil 14 pulgadas 16:10 K55254WW  KENSINGTON","MXN","$ 17.5037","$ 1,511.11","$ 392.23","$ 417.85","$ 0.00","$ 1,049.06","$ 462.05","$ 0.00","$ 462.05","$ 462.05","$ 44.20","2.93 %","$ 44.20","2.93 %","70 %"
"13110","ALFREDO PALOMINO","ALCOM ELECTRONICOS DE MEXICO","25/03/26","Blackwire Modelo: C3225","MXN","$ 17.5037","$ 2,125.05","$ 404.55","$ 455.13","$ 0.00","$ 1,282.11","$ 842.94","$ 0.00","$ 842.94","$ 802.94","$ 347.81","16.37 %","$ 347.81","16.37 %","0 %"
"13109","ORLANDO MARTINEZ","ALCOM ELECTRONICOS DE MEXICO","31/03/26","instalacion de alarma para escalera electrica awp30","MXN","$ 17.5037","$ 7,620.80","$ 815.09","$ 1,431.72","$ 0.00","$ 7,385.79","($ -5,841.45)","$ 6,076.46","$ 235.01","$ 235.01","($ -1,196.71)","(-15.70 %)","($ -1,196.71)","(-15.70 %)","0 %"
"13108","HECTOR VELA","HOFFMAN SCHROFF MANUFACTURING","17/03/26","VENTA DE CAMARA EMEET (SMARTCAM) S800-4K","MXN","$ 17.5037","$ 3,426.84","$ 469.00","$ 459.46","$ 0.00","$ 1,981.90","$ 1,444.94","$ 0.00","$ 1,444.94","$ 1,444.94","$ 985.48","42.44 %","$ 975.94","28.48 %","49 %"
"13107","ORLANDO MARTINEZ","CORNING OPTICAL COMMUNICATIONS","18/03/26","INSTALACION DE 4 NODOS DE RED  PARA APS EN PLANTA RCS","MXN","$ 17.5037","$ 40,293.37","$ 3,535.61","$ 1,924.02","$ 2,939.59","$ 6,604.36","$ 33,689.01","($ -2,939.59)","$ 33,689.01","$ 30,749.42","$ 28,825.40","80.31 %","$ 27,213.81","67.54 %","95 %"
"13103","ALFREDO PALOMINO","ALCOM ELECTRONICOS DE MEXICO","23/03/26","Renta de Escalera Eléctrica Por Mes MARZO 2026","MXN","$ 17.5037","$ 10,939.50","$ 0.00","$ 0.00","$ 0.00","$ 10,939.50","$ 0.00","$ 0.00","$ 0.00","$ 0.00","$ 0.00","0.00 %","$ 0.00","0.00 %","10 %"
"13095","RAMIRO LEE","AUTOMOTIVE MAQUILADORA","27/07/26","P#13095 - PO 64323 -Cámaras 180 con cajas de conexiones - Pin 9704.","MXN","$ 17.7687","$ 44,683.01","$ 4,718.30","$ 4,941.71","$ 0.00","$ 32,356.62","$ 12,326.39","$ 0.00","$ 12,326.39","$ 12,325.28","$ 7,383.57","16.52 %","$ 7,383.57","16.52 %","45 %"
"13094","RAMIRO LEE","AUTOMOTIVE MAQUILADORA","08/04/26","#13094 - OC ##63719 - NVR 32 Megapixel (8K) / 64 Canales IP / AcuSense - Pin, 2857.","MXN","$ 17.7687","$ 80,001.60","$ 8,477.11","$ 8,999.43","$ 0.00","$ 60,340.89","$ 19,660.71","$ 0.00","$ 19,660.71","$ 19,660.71","$ 10,661.28","13.33 %","$ 10,661.28","13.33 %","41 %"
"13093","ALFREDO PALOMINO","AUTOMOTIVE MAQUILADORA","17/07/26","COTIZACION  UPS","MXN","$ 17.7687","$ 218,624.95","$ 24,208.89","$ 24,206.79","$ 0.00","$ 149,729.92","$ 68,895.03","$ 0.00","$ 68,895.03","$ 67,414.19","$ 43,207.40","30.84 %","$ 43,205.30","19.76 %","46 %"
"13092","ALFREDO PALOMINO","AUTOMOTIVE MAQUILADORA","17/07/26","INSTALACION DE CHAROLLA, GABINETE, FIBRA OPTICA EN AUTOMOTIVE PL11","MXN","$ 17.7962","$ 1,179,786.04","$ 134,351.59","$ 132,655.39","$ 121,334.50","$ 668,282.09","$ 168,792.70","$ 221,376.75","$ 511,503.95","$ 390,009.55","$ 257,354.16","33.20 %","$ 255,657.96","21.67 %","31 %"
"13087","RAMIRO LEE","MONROE MEXICO","10/03/26","P#13087 -PO #4502126455 - Movimientos en área de empaque – Planta #3 - Área Contención embarques - Pin 1212.","MXN","$ 17.6770","$ 43,213.34","$ 7,587.86","$ 5,924.37","$ 11,739.15","$ 2,869.75","$ 5,523.81","$ 23,080.63","$ 40,343.59","$ 28,604.44","$ 22,680.07","70.04 %","$ 21,016.58","48.63 %","41 %"
"13082","RAMIRO LEE","CAL-COMP ELECTRONICS DE MEXICO CO","17/04/26","P#13082 - PO 26040900006 - Material para caseta de guardias - Pin 2317.","MXN","$ 17.6770","$ 3,648.32","$ 398.34","$ 303.04","$ 0.00","$ 408.00","$ 3,240.32","$ 0.00","$ 3,240.32","$ 3,238.57","$ 2,935.53","91.38 %","$ 2,840.23","77.85 %","0 %"
"13075","RAMIRO LEE","MONROE MEXICO","21/04/26","P#13075 - PO 4502127195 -Instalación de Control de Acceso Área Tool Room - Pin 2406.","MXN","$ 17.5445","$ 34,272.99","$ 5,341.41","$ 4,940.63","$ 8,060.55","$ 10,924.42","$ 7,563.89","$ 7,724.13","$ 23,348.57","$ 14,709.75","$ 9,769.12","44.09 %","$ 9,368.34","27.33 %","40 %"
"13072","ALFREDO PALOMINO","ALCOM ELECTRONICOS DE MEXICO","25/03/26","Cotización Diademas Plantronics C3225","MXN","$ 17.7228","$ 2,126.10","$ 429.04","$ 455.23","$ 0.00","$ 1,282.73","$ 843.37","$ 0.00","$ 843.37","$ 803.37","$ 348.14","16.37 %","$ 348.14","16.37 %","90 %"
"13067","ALFREDO PALOMINO","ALCOM ELECTRONICOS DE MEXICO","17/03/26","Cotizar Cables - Adaptadores","MXN","$ 17.7228","$ 1,182.72","$ 336.02","$ 352.99","$ 0.00","$ 643.67","$ 539.05","$ 0.00","$ 539.05","$ 419.05","$ 66.06","5.59 %","$ 66.06","5.59 %","0 %"
"13062","ALFREDO PALOMINO","ALCOM ELECTRONICOS DE MEXICO","09/04/26","Cotizar Celular OPPO","MXN","$ 17.3485","$ 15,678.40","$ 1,817.84","$ 1,284.35","$ 0.00","$ 6,464.66","$ 9,213.74","$ 0.00","$ 9,213.74","$ 9,213.74","$ 7,929.39","62.17 %","$ 7,395.90","47.17 %","60 %"
"13061","ALFREDO PALOMINO","ALCOM ELECTRONICOS DE MEXICO","17/03/26","INSTALACION DE CAMARA EN RECICLADOS","MXN","$ 17.3485","$ 10,274.98","$ 1,365.47","$ 1,133.32","$ 1,049.86","$ 4,142.71","$ 1,911.69","$ 3,170.72","$ 6,132.27","$ 5,081.53","$ 3,948.21","51.71 %","$ 3,716.06","36.17 %","44 %"
"13058","HECTOR VELA","CARPLASTIC","11/03/26","VENTA DE LICENCIA DE DESARROLLO WINDOWS GESTION MONITORIZACION TIEMPOS DE DESCANSO","MXN","$ 17.3485","$ 31,800.00","$ 2,100.00","$ 2,529.30","$ 0.00","$ 24,770.00","$ 7,030.00","$ 0.00","$ 7,030.00","$ 7,030.00","$ 4,500.70","14.15 %","$ 4,500.70","14.15 %","59 %"
"13049","RAMIRO LEE","CORNING OPTICAL COMMUNICATIONS","06/04/26","P#13049 -PO PO 4502007563 #RFQReq:216408  - SHIEYLA AGUILAR - PLANTA: RYDN - PIN 1073","MXN","$ 17.2193","$ 8,416.39","$ 1,008.14","$ 1,039.89","$ 0.00","$ 4,157.29","$ 4,259.10","$ 0.00","$ 4,259.10","$ 3,627.86","$ 2,587.97","30.75 %","$ 2,587.97","30.75 %","0 %"
"13042","RAMIRO LEE","CORNING MONTERREY","18/03/26","P#13042 - PO 4502006042 - #RFQReq:216458 - INSTALACION DE 2 NODOS DE RED - PIN 1858.","MXN","$ 17.2193","$ 5,765.14","$ 1,283.35","$ 308.06","$ 0.00","$ 305.55","($ -305.55)","$ 5,765.14","$ 5,459.59","$ 5,459.59","$ 5,151.53","111.62 %","$ 4,176.24","72.44 %","0 %"
"13041","RAMIRO LEE","CORNING MONTERREY","12/03/26","P#13041 - PO  PO 4502002585 - #RFQReq 216457 - Instalación de 12 nodos de red planta MTA Pin 1925.","MXN","$ 17.2193","$ 34,601.16","$ 3,935.31","$ 3,468.26","$ 5,561.39","$ 9,913.33","($ -1,594.43)","$ 20,720.87","$ 24,687.83","$ 19,126.44","$ 15,658.18","56.63 %","$ 15,191.13","43.90 %","36 %"
"13037","ORLANDO MARTINEZ","PUBLICO EN GENERAL","08/04/26","INSTALACION 14 PANELES CON INVERSOR DE 10K","MXN","$ 17.2563","$ 150,919.65","$ 12,133.21","$ 11,091.85","$ 4,193.79","$ 62,257.19","$ 88,662.46","($ -4,193.79)","$ 88,662.46","$ 84,468.67","$ 73,376.82","56.66 %","$ 72,335.46","47.93 %","50 %"
"13035","RAMIRO LEE","CORNING OPTICAL COMMUNICATIONS","31/03/26","PV#13035 - PO # 4501933175 - #RFQReq 197376 - Provisión de Personal Técnico Para Actividades de Instalación de Nodos de Red - (Marzo) - PIN 5312.","MXN","$ 17.2563","$ 925,190.62","$ 91,420.12","$ 117,026.27","$ 158,775.36","$ 363,932.94","($ -311,984.22)","$ 714,466.54","$ 561,257.68","$ 402,482.32","$ 285,456.05","30.85 %","$ 285,456.05","30.85 %","7 %"
"13030","ORLANDO MARTINEZ","ALPS ALPINE NORTH AMERICA","24/03/26","Renta montacargas 15 mil libras","USD","$ 17.1700","$ 893.10","$ 68.90","$ 113.56","$ 0.00","$ 618.83","$ 274.27","$ 0.00","$ 274.27","$ 274.27","$ 160.71","17.99 %","$ 160.71","17.99 %","0 %"
"13021","ALFREDO PALOMINO","MADRAX GREEN AUTOMATION","27/02/26","COTIZACION MATERIAL","MXN","$ 17.1910","$ 3,157.87","$ 565.79","$ 699.69","$ 0.00","$ 2,810.50","$ 347.37","$ 0.00","$ 347.37","$ 347.37","($ -352.32)","(-11.16 %)","($ -352.32)","(-11.16 %)","60 %"
"13019","HECTOR VELA","SMP ENGINE MANAGEMENT","23/03/26","REUBICACION DE TUBERIA POR EXPANCION DE TALLER","MXN","$ 17.1910","$ 14,989.13","$ 2,563.10","$ 2,598.79","$ 5,577.79","$ 2,671.63","$ 3,066.15","$ 3,673.56","$ 12,317.50","$ 6,739.71","$ 4,140.92","27.63 %","$ 4,140.92","27.63 %","35 %"
"13018","ALFREDO PALOMINO","ALCOM ELECTRONICOS DE MEXICO","27/02/26","INSTALACION DE DOS CAMARAS","MXN","$ 17.1910","$ 15,116.36","$ 2,034.53","$ 1,507.40","$ 2,025.62","$ 5,200.17","$ 5,695.61","$ 2,194.96","$ 9,916.19","$ 7,888.85","$ 6,381.45","55.67 %","$ 5,854.32","38.73 %","30 %"
"13014","RAMIRO LEE","CORNING OPTICAL COMMUNICATIONS","21/04/26","#13014 -  PO #4502002342 -Shield:2873648 - KARINA GAMBOA - MATEO SEQUERA - PLANTA RAM - PIN 5962.","MXN","$ 17.1910","$ 93,954.50","$ 9,087.28","$ 11,715.32","$ 0.00","$ 60,343.76","$ 33,610.74","$ 0.00","$ 33,610.74","$ 33,610.74","$ 21,895.42","23.30 %","$ 21,895.42","23.30 %","0 %"
"13010","HECTOR VELA","IMPRESORA DONNECO INTERNACIONAL","10/03/26","VENTA DE MATERIAL DE RED PANDUIT (JACK COLOR AZUL Y FACEPLATE DE 4 Y 2 ESPACIOS)","MXN","$ 17.1910","$ 3,912.51","$ 574.76","$ 580.98","$ 0.00","$ 2,699.40","$ 1,213.11","$ 0.00","$ 1,213.11","$ 1,213.11","$ 632.13","16.16 %","$ 632.13","16.16 %","57 %"
"13008","ALFREDO PALOMINO","ALPS ALPINE NORTH AMERICA","19/05/26","COTIZACION VS-BX5100 SECURITY CAMERA","USD","$ 17.2162","$ 426.99","$ 55.92","$ 51.00","$ 0.00","$ 228.00","$ 198.99","$ 0.00","$ 198.99","$ 135.52","$ 84.52","32.89 %","$ 79.60","18.64 %","65 %"
"13004","ALFREDO PALOMINO","ALCOM ELECTRONICOS DE MEXICO","10/03/26","Cotización protector de privacidad","MXN","$ 17.2162","$ 715.89","$ 304.74","$ 314.61","$ 0.00","$ 496.99","$ 218.90","$ 0.00","$ 218.90","$ 218.90","($ -95.71)","(-13.37 %)","($ -95.71)","(-13.37 %)","70 %"
"13003","CELESTE LANDA","E&M INDUSTRIAL SUPPLIES","27/02/26","DIAGNOSTICO DE RED","MXN","$ 17.2162","$ 4,399.98","$ 640.00","$ 525.58","$ 1,413.23","$ 0.00","$ 0.00","$ 2,986.75","$ 4,399.98","$ 2,986.75","$ 2,461.17","70.48 %","$ 2,346.75","53.34 %","0 %"
"12996","ALFREDO PALOMINO","ALPS ALPINE NORTH AMERICA","29/06/26","COTIZACION Lector de huella digital USB","USD","$ 17.1722","$ 909.30","$ 98.18","$ 71.38","$ 0.00","$ 355.15","$ 554.15","$ 0.00","$ 554.15","$ 554.15","$ 482.77","63.89 %","$ 455.97","50.15 %","74 %"
"12979","HECTOR VELA","CEBAL AMERICAS DE REYNOSA","03/03/26","INSTALACION DE 1 NODO DE RED AREA DE PRODUCCION (LINEA 10)","MXN","$ 17.1392","$ 9,920.03","$ 1,394.26","$ 1,405.62","$ 2,099.70","$ 4,059.06","$ 1,235.29","$ 2,525.98","$ 5,860.97","$ 3,760.24","$ 2,354.62","23.74 %","$ 2,354.62","23.74 %","35 %"
"12977","ALFREDO PALOMINO","ALCOM ELECTRONICOS DE MEXICO","27/02/26","Cotizar batería para Laptop Dell LATITUDE 3420","MXN","$ 17.1753","$ 3,600.00","$ 610.00","$ 413.82","$ 0.00","$ 1,023.84","$ 2,576.16","$ 0.00","$ 2,576.16","$ 2,447.16","$ 2,033.34","73.43 %","$ 1,837.16","51.03 %","60 %"
"12974","RAMIRO LEE","AUTOMOTIVE MAQUILADORA","25/02/26","PV#12974 - OC#62035 - PIN 6440 -ALEXANDRA BRINGAS","MXN","$ 17.1753","$ 3,788.24","$ 732.29","$ 725.74","$ 0.00","$ 1,504.90","$ 2,283.34","$ 0.00","$ 2,283.34","$ 2,275.52","$ 1,549.78","60.24 %","$ 1,543.23","40.74 %","0 %"
"12965","CELESTE LANDA","EMERSON TOOL AND APPLIANCE COMPANY","10/06/26","Cotizacion IDF","MXN","$ 17.1798","$ 258,254.87","$ 26,662.08","$ 29,143.63","$ 31,146.55","$ 139,705.29","$ 52,588.44","$ 34,814.59","$ 118,549.58","$ 87,403.03","$ 58,259.40","22.56 %","$ 58,259.40","22.56 %","51 %"
"12964","ALFREDO PALOMINO","ALCOM ELECTRONICOS DE MEXICO","23/02/26","Renta de Escalera Eléctrica Por Mes FEBRERO 2026","MXN","$ 17.1798","$ 10,939.50","$ 0.00","$ 0.00","$ 0.00","$ 10,939.50","$ 0.00","$ 0.00","$ 0.00","$ 0.00","$ 0.00","0.00 %","$ 0.00","0.00 %","10 %"
"12959","ALFREDO PALOMINO","ALPS ALPINE NORTH AMERICA","30/03/26","Material para Red José Rafael H.","USD","$ 17.2000","$ 2,595.71","$ 274.10","$ 275.69","$ 0.00","$ 1,632.24","$ 963.47","$ 0.00","$ 963.47","$ 963.37","$ 687.68","26.49 %","$ 687.68","26.49 %","60 %"
"12956","ALFREDO PALOMINO","ALPS ALPINE NORTH AMERICA","18/03/26","MATERIAL REQUERIDO PARA SPARE PARTS MD1","USD","$ 17.2315","$ 977.47","$ 112.26","$ 116.86","$ 0.00","$ 639.66","$ 337.81","$ 0.00","$ 337.81","$ 337.80","$ 220.94","22.60 %","$ 220.94","22.60 %","60 %"
"12947","ALFREDO PALOMINO","ALPS ALPINE NORTH AMERICA","24/02/26","Solicitud de cotización Lainas","USD","$ 17.2315","$ 415.95","$ 54.84","$ 48.97","$ 0.00","$ 215.37","$ 200.58","$ 0.00","$ 200.58","$ 159.66","$ 110.69","39.80 %","$ 104.82","25.20 %","65 %"
"12945","HECTOR VELA","HOFFMAN SCHROFF MANUFACTURING","04/03/26","VENTA DE MOUSE ERGONOMICO PROTO ARC INALAMBRICO (EM11 NL)","MXN","$ 17.1907","$ 14,197.68","$ 1,525.42","$ 1,004.15","$ 0.00","$ 4,647.33","$ 9,550.35","$ 0.00","$ 9,550.35","$ 9,550.35","$ 8,546.20","70.94 %","$ 8,024.93","56.52 %","64 %"
"12941","HECTOR VELA","CARPLASTIC","19/02/26","VENTA DE TARJETAS DE CONTROL DE ACCESO 200PGGMN HID  (actualizado a 100 pzas)","MXN","$ 17.2988","$ 14,513.00","$ 1,548.19","$ 1,290.27","$ 0.00","$ 6,079.00","$ 8,434.00","$ 0.00","$ 8,434.00","$ 8,434.00","$ 7,143.73","59.89 %","$ 6,885.81","47.45 %","80 %"
"12939","HECTOR VELA","HOFFMAN SCHROFF MANUFACTURING","19/02/26","VENTA DE TECLADO + MOUSE INALAMBRICO DELL KM3322W_5 PZAS","MXN","$ 17.4070","$ 7,167.35","$ 889.86","$ 830.82","$ 0.00","$ 2,544.75","$ 4,622.60","$ 0.00","$ 4,622.60","$ 4,622.60","$ 3,791.78","65.32 %","$ 3,732.74","52.08 %","0 %"
"12933","ALFREDO PALOMINO","ALCOM ELECTRONICOS DE MEXICO","04/03/26","REPARACION DE CONTROL DE ACCESO DE ELEVADOR","MXN","$ 17.4070","$ 11,528.96","$ 1,362.15","$ 859.36","$ 1,717.76","$ 1,553.96","$ 932.38","$ 7,324.86","$ 9,975.00","$ 8,257.24","$ 7,397.88","75.98 %","$ 6,895.09","59.81 %","60 %"
"12928","RAMIRO LEE","CORNING OPTICAL COMMUNICATIONS","30/03/26","#RFQReq:217109 - RENTA DE 1 MES POR 1 PLATAFORMA EN RAM - FEBRERO.","MXN","$ 17.2925","$ 19,710.00","$ 2,917.60","$ 4,391.86","$ 0.00","$ 21,799.26","($ -2,089.26)","$ 0.00","($ -2,089.26)","($ -2,089.26)","($ -6,481.12)","(-32.88 %)","($ -6,481.12)","(-32.88 %)","40 %"
"12923","ORLANDO MARTINEZ","ALCOM ELECTRONICOS DE MEXICO","17/02/26","Renta de montacargas 2.5 Ton","MXN","$ 17.2350","$ 12,000.00","$ 1,162.00","$ 2,181.52","$ 0.00","$ 12,072.00","($ -72.00)","$ 0.00","($ -72.00)","($ -72.00)","($ -2,253.52)","(-18.78 %)","($ -2,253.52)","(-18.78 %)","0 %"
"12921","CELESTE LANDA","MIKUNI AMERICAN CORPORATION","17/02/26","MRORC25-2199_M.M","USD","$ 17.2350","$ 734.08","$ 90.29","$ 101.44","$ 0.00","$ 543.26","$ 190.82","$ 0.00","$ 190.82","$ 190.82","$ 89.38","12.18 %","$ 89.38","12.18 %","55 %"
"12920","ALFREDO PALOMINO","ALCOM ELECTRONICOS DE MEXICO","27/03/26","REUBICACION DE TECLADO DE ALARMA","MXN","$ 17.2350","$ 12,342.18","$ 1,186.40","$ 1,064.01","$ 3,426.53","$ 590.30","$ 1,771.00","$ 6,554.35","$ 11,751.88","$ 8,325.35","$ 7,261.34","68.45 %","$ 7,138.95","57.84 %","60 %"
"12919","ALFREDO PALOMINO","ALCOM ELECTRONICOS DE MEXICO","24/02/26","COTIZACION DE BATERIA LENOVO T460s","MXN","$ 17.2350","$ 2,984.00","$ 548.40","$ 557.85","$ 0.00","$ 1,924.06","$ 1,059.94","$ 0.00","$ 1,059.94","$ 1,059.94","$ 502.09","16.83 %","$ 502.09","16.83 %","60 %"
"12914","ALFREDO PALOMINO","PUBLICO EN GENERAL","31/03/26","INSTALACION DE CENTRO DE CARGA","MXN","$ 17.3310","$ 21,161.42","$ 3,035.32","$ 4,752.12","$ 14,388.89","$ 9,252.78","$ 5,577.77","($ -8,058.02)","$ 11,908.64","($ -2,480.25)","($ -7,232.37)","(-34.18 %)","($ -7,232.37)","(-34.18 %)","25 %"
"12912","CELESTE LANDA","E&M INDUSTRIAL SUPPLIES","09/02/26","MIGRACION DE IVMS A PC","MXN","$ 17.3310","$ 3,999.98","$ 670.00","$ 398.39","$ 706.62","$ 0.00","$ 0.00","$ 3,293.36","$ 3,999.98","$ 3,293.36","$ 2,894.97","89.12 %","$ 2,623.36","65.58 %","0 %"
"12902","RAMIRO LEE","CORNING OPTICAL COMMUNICATIONS","27/02/26","P#12902 - PO 4501997300 - #RFQReq 213569 - SHEYLA AGUILAR Ext:701 - PLANTA RYDN - #1","MXN","$ 17.2532","$ 8,680.48","$ 1,035.38","$ 966.98","$ 0.00","$ 3,773.55","$ 4,906.93","$ 0.00","$ 4,906.93","$ 4,906.93","$ 3,939.95","57.32 %","$ 3,871.55","44.60 %","0 %"
"12901","RAMIRO LEE","CORNING OPTICAL COMMUNICATIONS","30/04/26","P#12901 - PO 4502001317 -  #RFQReq:213388 - PLANTA: RYDN - RAM - Sheyla Aguilar - Pin 6923.","MXN","$ 17.2532","$ 33,533.37","$ 3,404.13","$ 2,178.59","$ 0.00","$ 10,150.45","$ 23,382.92","$ 0.00","$ 23,382.92","$ 23,382.92","$ 21,204.33","73.38 %","$ 19,978.79","59.58 %","0 %"
"12898","RAMIRO LEE","CORNING OPTICAL COMMUNICATIONS","27/02/26","PV#12898 - PO # 4501933175 - #RFQReq 197376 - Provisión de Personal Técnico Para Actividades de Instalación de Nodos de Red - (Febrero) - PIN 7799.","MXN","$ 17.2532","$ 925,190.62","$ 91,420.12","$ 108,761.74","$ 124,356.59","$ 361,998.42","($ -310,049.70)","$ 748,885.31","$ 563,192.20","$ 438,835.61","$ 330,073.87","35.68 %","$ 330,073.87","35.68 %","7 %"
"12897","RAMIRO LEE","FILTERTEK DE MEXICO","05/02/26","P#12897 - PO 480R7252 - Cotización cable HDMI - Pin 4704.","MXN","$ 17.2322","$ 1,097.60","$ 321.71","$ 321.71","$ 0.00","$ 551.56","$ 546.04","$ 0.00","$ 546.04","$ 546.04","$ 224.33","49.75 %","$ 224.33","20.44 %","99 %"
"12889","RAMIRO LEE","AUTOMOTIVE MAQUILADORA","25/02/26","P#12889 - OC# #61849 - Instalación de una segunda conexión HDMI, con integración de caja de conexiones en la mesa de la Sala de Reuniones de la Planta 7 Caliper, Terre Power, para habilitar la proyección en TV.   Pin 9885.","MXN","$ 17.2830","$ 19,243.02","$ 3,420.54","$ 2,264.81","$ 2,027.23","$ 2,711.71","$ 4,011.50","$ 10,492.58","$ 16,531.31","$ 14,502.36","$ 12,237.55","81.37 %","$ 11,081.82","57.59 %","36 %"
"12882","RAMIRO LEE","FILTERTEK DE MEXICO","11/02/26","P#12882 - PO 480R7248 - Cotizacion chapa de seguridad - Pin 8199.","MXN","$ 17.2830","$ 5,737.54","$ 743.96","$ 655.47","$ 0.00","$ 3,118.96","$ 2,618.58","$ 0.00","$ 2,618.58","$ 2,477.20","$ 1,821.73","44.72 %","$ 1,733.24","30.21 %","51 %"
"12881","RAMIRO LEE","CORNING OPTICAL COMMUNICATIONS","23/02/26","P#12881 - PO 4501993451 #RFQReq:213439 -Filtros - Pin 4020.","MXN","$ 17.4545","$ 5,598.80","$ 733.53","$ 660.25","$ 0.00","$ 2,159.17","$ 3,439.63","$ 0.00","$ 3,439.63","$ 2,508.26","$ 1,848.01","46.11 %","$ 1,774.73","31.70 %","0 %"
"12877","RAMIRO LEE","CORNING OPTICAL COMMUNICATIONS","09/02/26","P#12877 - PO 4501991572 #RFQReq:212669 - RENTA DE 1 MESES POR 1 PLATAFORMA EN RAM - ENERO - PIN 6239.","MXN","$ 17.4545","$ 19,710.00","$ 2,917.60","$ 4,391.86","$ 0.00","$ 21,799.26","($ -2,089.26)","$ 0.00","($ -2,089.26)","($ -2,089.26)","($ -6,481.12)","(-32.88 %)","($ -6,481.12)","(-32.88 %)","40 %"
"12871","RAMIRO LEE","CORNING OPTICAL COMMUNICATIONS","30/03/26","P#12871 - PO PENDIENTE - #RFQReq:213529 - PIN 8397.","MXN","$ 17.4828","$ 250,475.46","$ 24,171.83","$ 31,738.69","$ 0.00","$ 166,970.49","$ 83,504.97","$ 0.00","$ 83,504.97","$ 83,504.97","$ 51,766.28","20.67 %","$ 51,766.28","20.67 %","97 %"
"12862","CELESTE LANDA","E&M INDUSTRIAL SUPPLIES","26/01/26","SOPORTE SITEMA DE ALARMAS","MXN","$ 17.4520","$ 2,387.29","$ 504.26","$ 442.66","$ 706.62","$ 276.64","$ 110.66","$ 1,293.37","$ 2,110.65","$ 1,404.03","$ 961.37","61.39 %","$ 899.77","37.69 %","40 %"
"12856","RAMIRO LEE","BSN MEDICAL","29/01/26","P#12856 - OC #228434 - Servicio de adecuación - Pin 2435.","MXN","$ 17.6008","$ 4,697.80","$ 886.48","$ 498.85","$ 1,185.01","$ 0.00","$ 0.00","$ 3,512.79","$ 4,697.80","$ 3,512.79","$ 3,013.94","83.03 %","$ 2,626.31","55.91 %","0 %"
"12855","HECTOR VELA","LANDIS & GYR","17/02/26","SERVICIO E INSTALACION DE 6 NODOS DE RED (5 NODOS AREA DE OFICINAS PLANTA 1 + 1 NODO AREA DE OFICINAS PLANTA 2) RETIRO DE CABLEADO DE LAS ISLAS DE PLANTA","MXN","$ 17.6008","$ 16,815.47","$ 1,985.25","$ 1,394.39","$ 2,138.56","$ 3,918.79","$ 3,645.33","$ 7,112.79","$ 12,896.68","$ 10,758.12","$ 9,363.73","67.49 %","$ 8,772.87","52.17 %","35 %"
"12854","ALFREDO PALOMINO","ALPS ALPINE NORTH AMERICA","19/03/26","cotizacion bateria 01AV427","USD","$ 17.6008","$ 506.97","$ 64.91","$ 66.51","$ 0.00","$ 326.88","$ 180.09","$ 0.00","$ 180.09","$ 180.09","$ 113.58","22.40 %","$ 113.58","22.40 %","60 %"
"12853","CELESTE LANDA","BORGWARNER REYNOSA","28/01/26","RFQ-S-1101: Instalación de nodo de red para CAT","MXN","$ 17.6008","$ 11,887.88","$ 1,505.11","$ 928.18","$ 3,038.55","$ 250.58","$ 3,226.98","$ 5,371.77","$ 11,637.30","$ 8,598.75","$ 7,670.57","77.19 %","$ 7,093.64","59.67 %","46 %"
"12851","HECTOR VELA","AUTOFLETES GOMEZ LEAL","30/01/26","MANTENIMIENTO DE CCTV PREVENTIVO PATIO DE CONTENEDORES (ADECUACION PARA CABLEADO DE CAMARA DE LA ESQUINA) (Actualizado mano de obra)","MXN","$ 17.5990","$ 29,665.38","$ 6,225.57","$ 4,852.90","$ 4,264.66","$ 4,502.07","$ 4,342.69","$ 16,555.96","$ 25,163.31","$ 20,897.61","$ 16,044.71","75.07 %","$ 14,672.04","49.46 %","35 %"
"12846","RAMIRO LEE","CORNING OPTICAL COMMUNICATIONS","08/04/26","P#12846 - PO 4501995083 - #RFQReq 212655 - BLANCA KARINA GAMBOA JEREZ - RYDN - RAM - PIN 1098.","MXN","$ 17.6867","$ 33,823.62","$ 3,431.42","$ 3,322.85","$ 0.00","$ 16,172.91","$ 17,650.71","$ 0.00","$ 17,650.71","$ 13,507.79","$ 10,184.94","40.26 %","$ 10,076.37","29.79 %","0 %"
"12845","ALFREDO PALOMINO","ALCOM ELECTRONICOS DE MEXICO","05/02/26","Cotizacion - Bateria URGENTE","MXN","$ 17.6867","$ 2,278.00","$ 228.53","$ 217.45","$ 0.00","$ 1,270.77","$ 1,007.23","$ 0.00","$ 1,007.23","$ 1,007.23","$ 789.78","44.70 %","$ 778.70","34.18 %","70 %"
"12840","HECTOR VELA","HOFFMAN SCHROFF MANUFACTURING","23/01/26","VENTA DE MOCHILA SWISSGEAR 5358 LAPTOP BACKPACK / VENTILADOR Y SOPORTE PARA LAPTOP LUZ LED 9"" A 17"" (actualizado)","MXN","$ 17.6867","$ 9,486.36","$ 1,190.53","$ 1,126.71","$ 0.00","$ 5,590.08","$ 3,896.28","$ 0.00","$ 3,896.28","$ 3,896.28","$ 2,769.57","41.75 %","$ 2,705.75","28.52 %","56 %"
"12838","ALFREDO PALOMINO","ALPS ALPINE NORTH AMERICA","26/02/26","Cotización adaptador Convertidor DB9 Macho RS232 a USB","USD","$ 17.6867","$ 231.34","$ 34.70","$ 39.14","$ 0.00","$ 156.34","$ 75.00","$ 0.00","$ 75.00","$ 67.42","$ 28.28","12.22 %","$ 28.28","12.22 %","80 %"
"12835","CELESTE LANDA","BCS-AIS ENSAMBLES MEXICO","23/02/26","INSTALACION DE 22 SERVICOS DE RED EN BODEGA Y REUBICACION DE APS","MXN","$ 17.6897","$ 100,677.17","$ 10,301.87","$ 8,863.87","$ 7,646.75","$ 43,800.35","$ 21,519.88","$ 27,710.19","$ 56,876.82","$ 49,230.07","$ 40,366.20","50.33 %","$ 38,928.20","38.67 %","60 %"
"12834","ALFREDO PALOMINO","ALCOM ELECTRONICOS DE MEXICO","06/07/26","FILTRO DE PRIVACIDAD","MXN","$ 17.6897","$ 1,511.11","$ 392.23","$ 374.00","$ 0.00","$ 775.00","$ 736.11","$ 0.00","$ 736.11","$ 623.61","$ 249.61","42.47 %","$ 231.38","15.31 %","70 %"
"12830","RAMIRO LEE","CORNING OPTICAL COMMUNICATIONS","10/03/26","P#12830 - PO 4501988766 -RFQReq 211179 - Pin 3421.","MXN","$ 17.6897","$ 67,104.12","$ 6,624.90","$ 6,654.98","$ 0.00","$ 33,710.39","$ 33,393.73","$ 0.00","$ 33,393.73","$ 30,740.27","$ 24,085.29","35.89 %","$ 24,085.29","35.89 %","0 %"
"12829","RAMIRO LEE","CORNING OPTICAL COMMUNICATIONS","19/02/26","P#12829 - PO 4501988726 - RFQReq 207415 - PLANTA: RYAI - LLULIANA FRANCO - PIN 2844","MXN","$ 17.6897","$ 829.59","$ 288.92","$ 337.70","$ 0.00","$ 461.55","$ 368.04","$ 0.00","$ 368.04","$ 191.50","($ -146.20)","(-17.62 %)","($ -146.20)","(-17.62 %)","0 %"
"12828","CELESTE LANDA","JOSE LEOPOLDO GARCIA GRACIA","23/01/26","508K1 OXXO TRAREYSA","MXN","$ 17.8167","$ 5,013.32","$ 513.85","$ 419.27","$ 806.10","$ 0.00","$ 5,013.32","($ -806.10)","$ 5,013.32","$ 4,207.22","$ 3,787.95","85.81 %","$ 3,693.37","73.67 %","0 %"
"12816","ALFREDO PALOMINO","ALCOM ELECTRONICOS DE MEXICO","06/03/26","LICENCIA Control de Acceso en Planta Falcon","MXN","$ 17.8540","$ 871.97","$ 166.88","$ 167.21","$ 0.00","$ 573.79","$ 298.18","$ 0.00","$ 298.18","$ 298.18","$ 130.97","15.02 %","$ 130.97","15.02 %","55 %"
"12815","ALFREDO PALOMINO","ALCOM ELECTRONICOS DE MEXICO","06/03/26","Cotización de Instalación de Control de Acceso Planta Falcon","MXN","$ 17.8540","$ 23,895.96","$ 2,962.49","$ 2,802.72","$ 6,386.79","$ 7,571.82","$ 3,883.00","$ 6,054.35","$ 16,324.14","$ 9,937.35","$ 7,134.63","42.25 %","$ 6,974.86","29.19 %","30 %"
"12810","ALFREDO PALOMINO","ALCOM ELECTRONICOS DE MEXICO","19/02/26","REPARACION PANTALLA","MXN","$ 17.9075","$ 3,600.00","$ 610.00","$ 663.06","$ 0.00","$ 2,581.60","$ 1,018.40","$ 0.00","$ 1,018.40","$ 1,018.40","$ 355.34","9.87 %","$ 355.34","9.87 %","60 %"
"12803","RAMIRO LEE","SMP FOUR SEASONS DE MEXICO","20/01/26","P#12803 - OC#56263 - MVR Cotizar Minicom Jack - Pin 9333.","MXN","$ 17.9842","$ 14,420.32","$ 1,628.39","$ 1,631.22","$ 0.00","$ 10,624.76","$ 3,795.56","$ 0.00","$ 3,795.56","$ 3,795.56","$ 2,164.34","15.01 %","$ 2,164.34","15.01 %","36 %"
"12802","RAMIRO LEE","CORNING OPTICAL COMMUNICATIONS","27/02/26","P#12881 - PO 4501993451 #RFQReq:213439 -Filtros - Planta RCS - Pin 4020.","MXN","$ 17.9842","$ 1,922.70","$ 393.26","$ 403.08","$ 0.00","$ 805.70","$ 1,117.00","$ 0.00","$ 1,117.00","$ 1,117.00","$ 713.92","37.13 %","$ 713.92","37.13 %","0 %"
"12801","ALFREDO PALOMINO","ALCOM ELECTRONICOS DE MEXICO","21/01/26","Renta de Escalera Eléctrica Por Mes ENERO 2026","MXN","$ 17.9842","$ 10,939.50","$ 0.00","$ 0.00","$ 0.00","$ 10,939.50","$ 0.00","$ 0.00","$ 0.00","$ 0.00","$ 0.00","0.00 %","$ 0.00","0.00 %","10 %"
"12794","HECTOR VELA","HOFFMAN SCHROFF MANUFACTURING","23/01/26","VENTA DE MOCHILA SWISSGEAR 5358 LAPTOP BACKPACK / VENTILADOR Y SOPORTE PARA LAPTOP LUZ LED 9"" A 17""","MXN","$ 17.9807","$ 4,758.78","$ 796.57","$ 763.35","$ 0.00","$ 2,795.04","$ 1,963.74","$ 0.00","$ 1,963.74","$ 1,963.74","$ 1,200.39","41.96 %","$ 1,167.17","24.53 %","56 %"
"12787","ALFREDO PALOMINO","ALCOM ELECTRONICOS DE MEXICO","29/01/26","Cotización Diademas Plantronics C3225","MXN","$ 17.9697","$ 2,131.97","$ 402.96","$ 440.71","$ 0.00","$ 1,191.91","$ 940.06","$ 0.00","$ 940.06","$ 940.06","$ 499.35","23.42 %","$ 499.35","23.42 %","0 %"
"12785","CELESTE LANDA","BCS-AIS ENSAMBLES MEXICO","31/03/26","MOVIMIENTO DEL SISTEMA CCTV","MXN","$ 17.9697","$ 106,943.39","$ 11,858.21","$ 9,627.62","$ 20,884.75","$ 31,198.82","$ 27,010.37","$ 27,849.45","$ 75,744.57","$ 54,858.06","$ 45,230.44","53.38 %","$ 42,999.85","40.21 %","50 %"
"12784","RAMIRO LEE","CORNING OPTICAL COMMUNICATIONS","29/01/26","P#12784 - PO #4501987295 #RFQReq 211514 - Pin  5086.","MXN","$ 17.9697","$ 2,902.50","$ 510.13","$ 555.84","$ 0.00","$ 1,609.71","$ 1,292.79","$ 0.00","$ 1,292.79","$ 1,292.79","$ 736.95","25.39 %","$ 736.95","25.39 %","0 %"
"12783","CELESTE LANDA","BORGWARNER REYNOSA","14/01/26","RFQ-S-1086: Instalación de nodo","MXN","$ 17.9697","$ 11,514.70","$ 1,486.39","$ 1,023.28","$ 3,033.45","$ 851.61","$ 2,557.25","$ 5,072.39","$ 10,663.09","$ 7,629.64","$ 6,606.36","70.28 %","$ 6,143.25","53.35 %","47 %"
"12781","RAMIRO LEE","CORNING OPTICAL COMMUNICATIONS","27/01/26","P#12781 - PO 4501987914 - #RFQReq 211530 - PLANTA RCS - TIARA YANETH GUEVARA - PIN 5009.","MXN","$ 17.9697","$ 22,934.00","$ 2,396.53","$ 2,535.37","$ 0.00","$ 12,028.25","$ 10,905.75","$ 0.00","$ 10,905.75","$ 10,905.75","$ 8,370.38","36.50 %","$ 8,370.38","36.50 %","0 %"
"12779","RAMIRO LEE","AUTOMOTIVE MAQUILADORA","20/07/26","Proyecto #12779  - PO 66761 - Instalación de Enlace PTP desde el MDF de la pinza hasta el MDF de dirección - Pin 2953.","MXN","$ 17.9697","$ 157,136.53","$ 16,536.66","$ 17,369.81","$ 9,805.96","$ 92,811.35","$ 29,768.53","$ 24,750.69","$ 64,325.18","$ 54,519.22","$ 37,149.41","23.64 %","$ 37,149.41","23.64 %","43 %"
"12776","HECTOR VELA","IMPRESORA DONNECO INTERNACIONAL","29/01/26","INSTALACION DE 11 CAMARAS EN EL AREA DE LONGFORT Y AREA GAVETAS (PLANTA 1)","MXN","$ 17.9697","$ 132,514.04","$ 17,984.28","$ 15,386.23","$ 17,885.37","$ 47,437.46","$ 28,335.70","$ 38,855.51","$ 85,076.58","$ 67,103.71","$ 51,717.48","52.60 %","$ 49,119.43","37.07 %","49 %"
"12769","HECTOR VELA","IMPRESORA DONNECO INTERNACIONAL","29/01/26","VENTA DE PROYECTO DE LA MARCA BENQ MX560C XGA 4000 (Actualizado)","MXN","$ 17.8905","$ 14,153.51","$ 1,634.87","$ 1,494.82","$ 0.00","$ 8,421.68","$ 5,731.83","$ 0.00","$ 5,731.83","$ 5,731.83","$ 4,237.01","41.49 %","$ 4,096.96","28.95 %","49 %"
"12760","HECTOR VELA","INDO-MIM MEXICO","19/02/26","VENTA DE MATERIAL DE RED (PINZAS RJ45, BOBINS DE CABLE, PLUG RJ45, JACK, FACE PLATE )","MXN","$ 17.9667","$ 21,480.47","$ 2,423.55","$ 2,253.63","$ 0.00","$ 14,258.66","$ 7,221.81","$ 0.00","$ 7,221.81","$ 7,221.72","$ 4,968.09","34.41 %","$ 4,798.17","22.34 %","38 %"
"12759","ORLANDO MARTINEZ","ALCOM ELECTRONICOS DE MEXICO","09/01/26","Renta de Plataforma x 1 Dia Modelo 1012","MXN","$ 17.9042","$ 3,900.00","$ 730.00","$ 874.00","$ 0.00","$ 3,900.00","$ 0.00","$ 0.00","$ 0.00","$ 0.00","($ -874.00)","(-22.41 %)","($ -874.00)","(-22.41 %)","30 %"
"12756","RAMIRO LEE","AUTOMOTIVE MAQUILADORA","08/01/26","PV#12756 - OC#  - RIBBON - PIN 2180 -ALEXANDRA BRINGAS","MXN","$ 17.9785","$ 3,788.24","$ 482.29","$ 506.35","$ 0.00","$ 1,709.04","$ 2,079.20","$ 0.00","$ 2,079.20","$ 2,079.20","$ 1,572.85","41.52 %","$ 1,572.85","41.52 %","0 %"
"12754","CELESTE LANDA","EMERSON TOOL AND APPLIANCE COMPANY","28/04/26","INSTALACION DE APS","MXN","$ 17.9785","$ 72,776.30","$ 8,343.31","$ 9,048.34","$ 16,781.44","$ 32,964.04","$ 15,494.74","$ 7,536.08","$ 39,812.26","$ 23,030.82","$ 13,982.48","19.21 %","$ 13,982.48","19.21 %","41 %"
"12753","ALFREDO PALOMINO","IIMED MEDICAL SOLUTIONS LLC","09/02/26","QUOTE RECORDER OPERATING SYSTEM FAILURE","USD","$ 17.9785","$ 444.96","$ 60.62","$ 33.41","$ 69.16","$ 31.15","($ -31.15)","$ 375.80","$ 413.81","$ 344.65","$ 311.24","83.57 %","$ 284.03","63.83 %","0 %"
"12751","HECTOR VELA","CEBAL AMERICAS DE REYNOSA","28/01/26","INSTALACION DE 3 NODOS DE RED (AREA DE CNC ROOM)","MXN","$ 17.9792","$ 17,851.85","$ 2,171.34","$ 1,812.69","$ 2,022.27","$ 7,297.51","$ 6,501.42","$ 2,030.65","$ 10,554.34","$ 8,531.08","$ 6,718.39","49.80 %","$ 6,359.74","35.63 %","36 %"
"12735","HECTOR VELA","HOFFMAN SCHROFF MANUFACTURING","09/01/26","VENTA DE EQUIPOS (BACKPACK MOCHILA SWISSGEAR / BASE ENFRIADORA FROST EF740)","MXN","$ 17.9925","$ 9,781.46","$ 1,192.08","$ 1,032.15","$ 0.00","$ 4,862.72","$ 4,918.74","$ 0.00","$ 4,918.74","$ 4,918.74","$ 3,886.59","51.92 %","$ 3,726.66","38.10 %","74 %"
"12724","HECTOR VELA","HOFFMAN SCHROFF MANUFACTURING","13/01/26","VENTA DE MONTAJE DE PARED UNIVERSAL GIRATORIO / PARA MONITORES DE 75"" A 110"" CAPACIDAD DE 90 KGS","MXN","$ 18.2085","$ 2,366.67","$ 580.98","$ 575.44","$ 0.00","$ 1,349.52","$ 1,017.15","$ 0.00","$ 1,017.15","$ 1,016.25","$ 440.81","43.17 %","$ 435.27","18.39 %","70 %"
"12719","ALFREDO PALOMINO","WOODCRAFTERS HOME PRODUCTS","28/01/26","M1225-22 | SUPRESOR PARA IMPRESORAS ZT411","MXN","$ 18.1940","$ 11,810.25","$ 1,797.55","$ 1,719.16","$ 0.00","$ 7,732.44","$ 4,077.81","$ 0.00","$ 4,077.81","$ 4,077.81","$ 2,358.65","35.19 %","$ 2,280.26","19.31 %","45 %"
"12718","CELESTE LANDA","EMERSON TOOL AND APPLIANCE COMPANY","22/04/26","RETRABAJO FIBRA OPTICA","MXN","$ 18.1940","$ 95,315.90","$ 10,903.23","$ 7,493.54","$ 4,195.36","$ 39,765.76","$ 19,073.86","$ 32,280.92","$ 55,550.14","$ 51,354.78","$ 43,861.24","57.46 %","$ 40,451.55","42.44 %","46 %"
"12714","HECTOR VELA","HOFFMAN SCHROFF MANUFACTURING","13/01/26","VENTA DE MATERIAL PARA LAPTOP / MOCHILA SWISSGEAR 5358/ BASE ENFRIADORA PARA LAPTOP_2","MXN","$ 18.2367","$ 4,891.01","$ 688.14","$ 623.92","$ 0.00","$ 2,491.71","$ 2,399.30","$ 0.00","$ 2,399.30","$ 1,697.80","$ 1,073.88","36.03 %","$ 1,009.66","20.64 %","55 %"
"12712","RAMIRO LEE","CORNING OPTICAL COMMUNICATIONS","04/02/26","P#12712 - PO PENDIENTE -  #RFQReq:209832 - RENTA DE 1 MESES POR 1 PLATAFORMA EN RAM - DICIEMBRE. - PIN 2615.","MXN","$ 18.2367","$ 19,710.00","$ 2,917.60","$ 4,391.86","$ 0.00","$ 21,799.26","($ -2,089.26)","$ 0.00","($ -2,089.26)","($ -2,089.26)","($ -6,481.12)","(-32.88 %)","($ -6,481.12)","(-32.88 %)","40 %"
"12710","HECTOR VELA","CEBAL AMERICAS DE REYNOSA","23/02/26","REVISION DE SISTEMA DE VOCEO Y CABLEADO","MXN","$ 18.1860","$ 37,110.30","$ 6,956.88","$ 5,746.32","$ 2,028.30","$ 14,470.88","($ -1,572.22)","$ 22,183.34","$ 22,639.42","$ 20,610.95","$ 14,864.63","58.80 %","$ 13,654.07","36.79 %","35 %"
"12708","ALFREDO PALOMINO","WOODCRAFTERS HOME PRODUCTS","12/01/26","Cotización M1023-19 ACTUALIZACION ATR-11","MXN","$ 18.1860","$ 2,944.50","$ 599.70","$ 595.14","$ 0.00","$ 1,816.50","$ 1,128.00","$ 0.00","$ 1,128.00","$ 1,126.20","$ 531.06","38.40 %","$ 526.50","17.88 %","60 %"
"12704","CELESTE LANDA","E&M INDUSTRIAL SUPPLIES","25/02/26","CANALIZACION HERNAN ESPINOZA","MXN","$ 18.2293","$ 35,074.86","$ 4,425.33","$ 4,303.48","$ 10,358.20","$ 11,739.05","$ 5,097.67","$ 7,879.94","$ 23,335.81","$ 12,977.61","$ 8,674.13","37.35 %","$ 8,552.28","24.38 %","35 %"
"12703","CELESTE LANDA","EMERSON TOOL AND APPLIANCE COMPANY","20/01/26","OBRA CIVIL (PESOS)","MXN","$ 18.2642","$ 57,980.51","$ 7,077.39","$ 2,169.14","$ 2,781.75","$ 8,343.53","$ 45,584.06","$ 1,271.17","$ 49,636.98","$ 46,855.23","$ 44,686.09","89.28 %","$ 39,777.84","68.61 %","35 %"
"12682","HECTOR VELA","NEWOPTIX RS","23/01/26","SUMINISTRO E INSTALACION DE CONTROL DE ACCESO PARA 9 PUERTAS (AREA DE OFICINAS Y PASILLO DE PRIMERA PISO + OFICINAS DE 2do PISO) LECTORA + BOTON    (NO INCLUYE EQUIPO DE COMPUTO)","MXN","$ 18.2757","$ 306,878.08","$ 34,368.91","$ 42,341.00","$ 50,838.01","$ 174,539.69","$ 30,817.07","$ 50,683.31","$ 132,338.39","$ 81,409.06","$ 39,068.06","12.73 %","$ 39,068.06","12.73 %","41 %"
"12657","ORLANDO MARTINEZ","PUBLICO EN GENERAL","31/07/26","MATERIAL Y MANO DE OBRA PARA RESIDENCIA","MXN","$ 18.4308","$ 14,138.51","$ 1,766.43","$ 2,020.12","$ 6,155.47","$ 5,093.37","$ 2,965.76","($ -76.09)","$ 9,045.14","$ 2,887.95","$ 867.83","6.14 %","$ 867.83","6.14 %","37 %"
"12645","HECTOR VELA","HOFFMAN SCHROFF MANUFACTURING","09/01/26","VENTA DE MATERIAL PARA LAPTOP / MOCHILA SWISSGEAR 5358/ BASE ENFRIADORA PARA LAPTOP","MXN","$ 18.4997","$ 4,891.01","$ 688.14","$ 623.92","$ 0.00","$ 2,491.71","$ 2,399.30","$ 0.00","$ 2,399.30","$ 1,697.80","$ 1,073.88","36.03 %","$ 1,009.66","20.64 %","55 %"
"12595","RAMIRO LEE","CORNING OPTICAL COMMUNICATIONS","29/04/26","P#12595 - PO 4501980121 -Plant RCS #RFQReqn209505 - Instalación de Fibra Óptica en Planta CLS (RYR6) Pin 8165.","MXN","$ 18.3333","$ 195,871.24","$ 20,198.41","$ 19,894.41","$ 26,979.11","$ 44,312.82","$ 14,888.34","$ 109,690.97","$ 151,558.42","$ 124,579.31","$ 104,684.90","63.76 %","$ 104,380.90","53.29 %","60 %"
"12563","RAMIRO LEE","CORNING OPTICAL COMMUNICATIONS","06/01/26","P#12563 -  PO 4501974932 - #RFQReq:206611 - PDU´S - PIN  3060.","MXN","$ 18.6233","$ 263,310.36","$ 17,956.23","$ 23,406.95","$ 0.00","$ 121,878.66","$ 141,431.70","$ 0.00","$ 141,431.70","$ 140,588.14","$ 117,181.19","44.50 %","$ 117,181.19","44.50 %","0 %"
"12536","HECTOR VELA","IMPRESORA DONNECO INTERNACIONAL","11/03/26","SERVICIOS DE ADECUACIONES EXTRAS /INSTALACION DE VIDRIO PARA LOBBY/ INSTALACION DE 4 CAMARAS IP CASETA/ INSTALACION DE HERRERIA Y CONCERTINA TORNIQUETE/ INSTALACION DE VIDEO PORTERO VEHICULAR/ COMPRA DE 4 TELEVISORES DE 55"" CON SU INSTALACION","MXN","$ 18.5380","$ 168,254.39","$ 17,956.19","$ 23,355.31","$ 27,742.04","$ 119,705.77","$ 8,019.42","$ 12,787.16","$ 48,548.62","$ 19,812.27","($ -3,543.04)","(-2.11 %)","($ -3,543.04)","(-2.11 %)","42 %"
"12535","ALFREDO PALOMINO","ALCOM ELECTRONICOS DE MEXICO","05/02/26","VENTA E INSTALACION DE MANTAS DE PROYECCION ELECTRICAS","MXN","$ 18.5380","$ 54,551.76","$ 5,798.72","$ 5,070.36","$ 6,711.46","$ 21,318.46","$ 20,984.84","$ 5,537.00","$ 33,233.30","$ 23,398.11","$ 18,327.75","44.23 %","$ 17,599.39","32.26 %","60 %"
"12511","CELESTE LANDA","BCS-AIS ENSAMBLES MEXICO","07/04/26","LIMPIEZA Y DEPURACION DE IDF'S","MXN","$ 18.3892","$ 170,421.75","$ 17,137.77","$ 15,121.31","$ 41,546.80","$ 38,415.52","$ 60,148.59","$ 30,310.84","$ 132,006.23","$ 90,415.11","$ 75,293.80","54.24 %","$ 73,277.34","43.00 %","60 %"
"12435","ALFREDO PALOMINO","ALPS ALPINE NORTH AMERICA","31/03/26","REUBICACION DE LINEA L21-L22 Y LN15-LN16   ABELARDO CASTILLO 08/10/2025","USD","$ 18.3477","$ 3,109.15","$ 366.51","$ 315.30","$ 575.62","$ 1,129.91","$ 766.50","$ 637.12","$ 1,979.24","$ 1,403.57","$ 1,088.27","46.79 %","$ 1,037.06","33.36 %","30 %"
"12433","CELESTE LANDA","BORGWARNER REYNOSA","12/02/26","RFQ-P-3144","MXN","$ 18.3477","$ 9,232.98","$ 1,234.85","$ 1,022.69","$ 0.00","$ 4,829.31","$ 4,403.67","$ 0.00","$ 4,403.67","$ 4,403.67","$ 3,380.98","49.99 %","$ 3,168.82","34.32 %","50 %"
"12426","ALFREDO PALOMINO","ALCOM ELECTRONICOS DE MEXICO","30/01/26","Cotizar Requerimiento en Porton de Accesso Vehicular","MXN","$ 18.3762","$ 238,150.37","$ 28,625.93","$ 25,569.96","$ 33,592.88","$ 114,159.00","$ 67,040.76","$ 23,357.73","$ 123,991.37","$ 89,159.71","$ 63,589.75","38.72 %","$ 60,533.78","25.42 %","30 %"
"12372","RAMIRO LEE","CORNING OPTICAL COMMUNICATIONS","30/01/26","PV#12372 - PO # 4501933175 - #RFQReq 197376 - Provisión de Personal Técnico Para Actividades de Instalación de Nodos de Red - (octubre) - PIN 2219","MXN","$ 18.4457","$ 925,190.62","$ 91,420.12","$ 113,979.94","$ 138,019.23","$ 373,530.65","($ -321,581.93)","$ 735,222.67","$ 551,659.97","$ 413,640.74","$ 299,660.80","32.39 %","$ 299,660.80","32.39 %","7 %"
"12332","ALFREDO PALOMINO","ALCOM ELECTRONICOS DE MEXICO","25/02/26","GARANTIA P-10179","MXN","$ 18.3257","$ 0.62","$ 250.09","$ 2,031.31","$ 1,162.95","$ 9,606.88","($ -9,606.26)","($ -1,162.95)","($ -9,606.26)","($ -11,109.99)","($ -13,141.30)","(-2,119,564.52 %)","($ -13,141.30)","(-2,119,564.52 %)","20 %"
"12321","CELESTE LANDA","BCS-AIS ENSAMBLES MEXICO","16/01/26","CONTROL DE ACCESO ALMACEN","MXN","$ 18.3635","$ 6,143.36","$ 905.30","$ 250.00","$ 0.00","$ 0.00","$ 6,143.36","$ 0.00","$ 6,143.36","$ 6,143.36","$ 5,893.36","110.67 %","$ 5,238.06","85.26 %","50 %"
"12314","ALFREDO PALOMINO","IIMED MEDICAL SOLUTIONS LLC","05/01/26","VENTA E INSTALACION DE 8 DISCOS DUROS DE 10 TB","USD","$ 18.4757","$ 5,403.91","$ 462.29","$ 454.46","$ 66.73","$ 2,668.24","$ 1,804.72","$ 864.22","$ 2,735.67","$ 2,668.94","$ 2,214.48","49.53 %","$ 2,206.65","40.83 %","0 %"
"12308","ALFREDO PALOMINO","ALCOM ELECTRONICOS DE MEXICO","05/01/26","LICENCIAS PARA 6 CONTROL DE ACCESO Y 7 CAMARAS MD3","MXN","$ 18.5920","$ 10,342.93","$ 1,522.97","$ 1,413.84","$ 0.00","$ 7,274.01","$ 3,068.92","$ 0.00","$ 3,068.92","$ 3,068.92","$ 1,655.08","30.73 %","$ 1,545.95","14.95 %","30 %"
"12240","ALFREDO PALOMINO","IIMED MEDICAL SOLUTIONS LLC","12/01/26","INSTALACION DE 14 CAMARAS VIVOTEK PLANTA 1","USD","$ 18.6368","$ 15,877.57","$ 1,456.05","$ 1,387.82","$ 1,514.60","$ 6,594.65","$ 5,810.25","$ 1,958.07","$ 9,282.92","$ 7,684.76","$ 6,296.94","48.83 %","$ 6,228.71","39.23 %","58 %"
"12211","RAMIRO LEE","CORNING OPTICAL COMMUNICATIONS","31/03/26","P#12211 - PO PENDIENTE- RFQReq:199806 Instalación de tubería, cableado y conexiones de para 16 tomas de corriente 208 V 30 AMP en raks de servidores. PIN 2350","MXN","$ 18.7295","$ 114,895.94","$ 10,066.79","$ 11,357.01","$ 8,065.66","$ 39,059.24","$ 37,458.19","$ 30,312.85","$ 75,836.70","$ 67,771.04","$ 56,414.03","49.10 %","$ 56,414.03","49.10 %","0 %"
"12115","CELESTE LANDA","BCS-AIS ENSAMBLES MEXICO","25/02/26","MOVIMIENTO NUEVA BODEGA","MXN","$ 18.7642","$ 276,992.94","$ 27,245.68","$ 32,840.47","$ 61,500.33","$ 122,971.21","$ 41,689.54","$ 50,831.86","$ 154,021.73","$ 92,518.41","$ 59,677.94","21.54 %","$ 59,677.94","21.54 %","60 %"
"12105","HECTOR VELA","IMPRESORA DONNECO INTERNACIONAL","30/06/26","SUPPLY AND INSTALLATION OF RADIUS NETWORK NODES, USER NETWORK, CAMARAS NODES AND ELECTRICAL DOWNLINES (ELECTRIC TRANSFORMER INCLUDED (PLANTA 3) CAMARAS_COTIZACION EN PESOS","MXN","$ 18.5570","$ 2,022,597.26","$ 199,907.13","$ 173,061.71","$ 239,879.53","$ 860,641.44","$ 817,989.34","$ 104,086.95","$ 1,161,955.82","$ 921,001.60","$ 747,939.89","46.86 %","$ 721,094.47","35.65 %","52 %"
"12001","RAMIRO LEE","CORNING OPTICAL COMMUNICATIONS","25/02/26","P#12001 - PO #4501930250 - #RFQReq:195541 Instalación de 25 nodos de red planta Aneex. - Pin 7368.","MXN","$ 18.9203","$ 20,264.84","$ 2,770.92","$ 5,236.85","$ 16,739.07","$ 2,470.89","($ -1,033.69)","$ 2,088.57","$ 17,793.95","$ 1,053.93","($ -4,182.92)","(-20.64 %)","($ -4,182.92)","(-20.64 %)","0 %"
"11988","HECTOR VELA","SANMINA-SCI DE MEXICO","14/01/26","SUMINSITRO E INSTALACION DE (RELOJ MAESTRO + CONFIGURACION) Actualizado","MXN","$ 19.1527","$ 48,725.74","$ 6,407.08","$ 6,533.67","$ 12,818.24","$ 17,126.09","$ 6,732.29","$ 12,049.12","$ 31,599.65","$ 18,780.31","$ 12,246.64","25.13 %","$ 12,246.64","25.13 %","40 %"
"11742","CELESTE LANDA","EMERSON TOOL AND APPLIANCE COMPANY","25/02/26","CAMARAS ESTACIONAMIENTO (DOLARES)","USD","$ 19.5723","$ 37,813.55","$ 2,280.55","$ 1,829.79","$ 2,021.78","$ 19,427.38","$ 13,494.65","$ 2,869.74","$ 18,386.17","$ 16,315.02","$ 14,485.23","44.34 %","$ 14,034.47","37.11 %","36 %"
"11612","RAMIRO LEE","CORNING MONTERREY","27/01/26","P#11612 - PO #4501900672 -RFQReq:188794 Instalación de servicio de 40 cableados área C&A para instalación de máquinas Pin 8069","MXN","$ 20.0963","$ 522,366.40","$ 38,114.20","$ 19,355.71","$ 12,765.81","$ 87,058.13","$ 365,629.85","$ 56,912.61","$ 435,308.27","$ 422,390.93","$ 403,035.22","84.45 %","$ 384,276.73","73.56 %","0 %"
"11566","ALFREDO PALOMINO","ALCOM ELECTRONICOS DE MEXICO","17/03/26","INSTALACION DE CHAROLA Y SERVICIOS DE RED, CONTROL DE ACCESO, CAMARAS EN AREA DE OFICINAS MD3. 2 parte","MXN","$ 20.0848","$ 303,835.55","$ 36,834.02","$ 34,401.16","$ 41,507.62","$ 158,966.01","$ 106,014.82","($ -2,652.90)","$ 144,869.54","$ 101,247.16","$ 66,846.00","34.12 %","$ 64,413.14","21.20 %","32 %"
"11552","CELESTE LANDA","EMERSON TOOL AND APPLIANCE COMPANY","27/04/26","BAJADAS DERED PARA EQUIPOS","USD","$ 20.3388","$ 4,280.09","$ 451.05","$ 536.64","$ 1,287.77","$ 1,587.01","$ 837.98","$ 567.33","$ 2,693.08","$ 1,405.25","$ 868.61","20.29 %","$ 868.61","20.29 %","39 %"
"11549","CELESTE LANDA","EMERSON TOOL AND APPLIANCE COMPANY","31/03/26","IDF´S Y CABLE DE FIBRA OPTICA","USD","$ 20.3388","$ 33,540.16","$ 3,545.68","$ 3,697.74","$ 2,005.71","$ 20,401.57","$ 7,060.63","$ 4,072.25","$ 13,138.59","$ 11,126.26","$ 7,428.52","22.15 %","$ 7,428.52","22.15 %","57 %"